Run ID,Name,Source Type,Source Name,User,Status,algo_desc,committees,cv_n_folds,dataset,features,lag,max_rules,n_samples_cv,neighbors,train_test_split_ratio,mae,rmse,rsq
d1f764ac54a14875a914bd5d05c25960,,,,unknown,FINISHED,cubist_tune,98,4,comb_data_rev8.RDS,"0_wind_speed_ms,0_temp_c,1_wind_speed_ms,1_temp_c,2_wind_speed_ms,3_wind_speed_ms,4_wind_speed_ms,8_temp_c,0_wind,1_wind,2_wind,3_wind,4_wind,0_wind_speed_ms_lag1,0_temp_c_lag1,1_wind_speed_ms_lag1,1_temp_c_lag1,2_wind_speed_ms_lag1,3_wind_speed_ms_lag1,4_wind_speed_ms_lag1,8_temp_c_lag1,0_wind_lag1,1_wind_lag1,2_wind_lag1,3_wind_lag1,4_wind_lag1,0_wind_speed_ms_lag2,0_temp_c_lag2,1_wind_speed_ms_lag2,1_temp_c_lag2,2_wind_speed_ms_lag2,3_wind_speed_ms_lag2,4_wind_speed_ms_lag2,8_temp_c_lag2,0_wind_lag2,1_wind_lag2,2_wind_lag2,3_wind_lag2,4_wind_lag2,0_wind_speed_ms_lag3,0_temp_c_lag3,1_wind_speed_ms_lag3,1_temp_c_lag3,2_wind_speed_ms_lag3,3_wind_speed_ms_lag3,4_wind_speed_ms_lag3,8_temp_c_lag3,0_wind_lag3,1_wind_lag3,2_wind_lag3,3_wind_lag3,4_wind_lag3,0_wind_speed_ms_lag4,0_temp_c_lag4,1_wind_speed_ms_lag4,1_temp_c_lag4,2_wind_speed_ms_lag4,3_wind_speed_ms_lag4,4_wind_speed_ms_lag4,8_temp_c_lag4,0_wind_lag4,1_wind_lag4,2_wind_lag4,3_wind_lag4,4_wind_lag4,0_wind_speed_ms_lag5,0_temp_c_lag5,1_wind_speed_ms_lag5,1_temp_c_lag5,2_wind_speed_ms_lag5,3_wind_speed_ms_lag5,4_wind_speed_ms_lag5,8_temp_c_lag5,0_wind_lag5,1_wind_lag5,2_wind_lag5,3_wind_lag5,4_wind_lag5,0_wind_speed_ms_lag9,0_temp_c_lag9,1_wind_speed_ms_lag9,1_temp_c_lag9,2_wind_speed_ms_lag9,3_wind_speed_ms_lag9,4_wind_speed_ms_lag9,8_temp_c_lag9,0_wind_lag9,1_wind_lag9,2_wind_lag9,3_wind_lag9,4_wind_lag9,0_wind_speed_ms_lag276,0_temp_c_lag276,1_wind_speed_ms_lag276,1_temp_c_lag276,2_wind_speed_ms_lag276,3_wind_speed_ms_lag276,3_temp_c_lag276,4_wind_speed_ms_lag276,8_temp_c_lag276,0_wind_lag276,1_wind_lag276,2_wind_lag276,3_wind_lag276,4_wind_lag276,Wind_lag300,0_wind_speed_ms_lag300,1_wind_speed_ms_lag300,2_wind_speed_ms_lag300,3_wind_speed_ms_lag300,4_wind_speed_ms_lag300,0_wind_lag300,1_wind_lag300,2_wind_lag300,3_wind_lag300,4_wind_lag300,0_wind_speed_ms_lag1_lag300,1_wind_speed_ms_lag1_lag300,2_wind_speed_ms_lag1_lag300,3_wind_speed_ms_lag1_lag300,4_wind_speed_ms_lag1_lag300,0_wind_lag1_lag300,1_wind_lag1_lag300,2_wind_lag1_lag300,3_wind_lag1_lag300,4_wind_lag1_lag300,0_wind_speed_ms_lag2_lag300,1_wind_speed_ms_lag2_lag300,2_wind_speed_ms_lag2_lag300,3_wind_speed_ms_lag2_lag300,4_wind_speed_ms_lag2_lag300,0_wind_lag2_lag300,1_wind_lag2_lag300,2_wind_lag2_lag300,3_wind_lag2_lag300,4_wind_lag2_lag300,0_wind_speed_ms_lag3_lag300,1_wind_speed_ms_lag3_lag300,2_wind_speed_ms_lag3_lag300,3_wind_speed_ms_lag3_lag300,4_wind_speed_ms_lag3_lag300,0_wind_lag3_lag300,1_wind_lag3_lag300,2_wind_lag3_lag300,3_wind_lag3_lag300,4_wind_lag3_lag300,0_wind_speed_ms_lag4_lag300,1_wind_speed_ms_lag4_lag300,2_wind_speed_ms_lag4_lag300,3_wind_speed_ms_lag4_lag300,4_wind_speed_ms_lag4_lag300,0_wind_lag4_lag300,1_wind_lag4_lag300,2_wind_lag4_lag300,3_wind_lag4_lag300,4_wind_lag4_lag300,0_wind_speed_ms_lag5_lag300,1_wind_speed_ms_lag5_lag300,2_wind_speed_ms_lag5_lag300,3_wind_speed_ms_lag5_lag300,4_wind_speed_ms_lag5_lag300,0_wind_lag5_lag300,1_wind_lag5_lag300,2_wind_lag5_lag300,3_wind_lag5_lag300,4_wind_lag5_lag300,0_wind_speed_ms_lag9_lag300,1_wind_speed_ms_lag9_lag300,2_wind_speed_ms_lag9_lag300,3_wind_speed_ms_lag9_lag300,4_wind_speed_ms_lag9_lag300,0_wind_lag9_lag300,1_wind_lag9_lag300,2_wind_lag9_lag300,3_wind_lag9_lag300,4_wind_lag9_lag300,0_wind_speed_ms_lag276_lag300,1_wind_speed_ms_lag276_lag300,2_wind_speed_ms_lag276_lag300,3_wind_speed_ms_lag276_lag300,4_wind_speed_ms_lag276_lag300,0_wind_lag276_lag300,1_wind_lag276_lag300,2_wind_lag276_lag300,3_wind_lag276_lag300,4_wind_lag276_lag300,Wind",300,340,20000,8,0.2,428.5994275,556.5704012,0.7343705
b2b3625d650f49ad88c34f87f68583bc,,,,unknown,FINISHED,cubist_tune,95,4,comb_data_rev8.RDS,"0_wind_speed_ms,0_temp_c,1_wind_speed_ms,1_temp_c,2_wind_speed_ms,3_wind_speed_ms,4_wind_speed_ms,8_temp_c,0_wind,1_wind,2_wind,3_wind,4_wind,0_wind_speed_ms_lag1,0_temp_c_lag1,1_wind_speed_ms_lag1,1_temp_c_lag1,2_wind_speed_ms_lag1,3_wind_speed_ms_lag1,4_wind_speed_ms_lag1,8_temp_c_lag1,0_wind_lag1,1_wind_lag1,2_wind_lag1,3_wind_lag1,4_wind_lag1,0_wind_speed_ms_lag2,0_temp_c_lag2,1_wind_speed_ms_lag2,1_temp_c_lag2,2_wind_speed_ms_lag2,3_wind_speed_ms_lag2,4_wind_speed_ms_lag2,8_temp_c_lag2,0_wind_lag2,1_wind_lag2,2_wind_lag2,3_wind_lag2,4_wind_lag2,0_wind_speed_ms_lag3,0_temp_c_lag3,1_wind_speed_ms_lag3,1_temp_c_lag3,2_wind_speed_ms_lag3,3_wind_speed_ms_lag3,4_wind_speed_ms_lag3,8_temp_c_lag3,0_wind_lag3,1_wind_lag3,2_wind_lag3,3_wind_lag3,4_wind_lag3,0_wind_speed_ms_lag4,0_temp_c_lag4,1_wind_speed_ms_lag4,1_temp_c_lag4,2_wind_speed_ms_lag4,3_wind_speed_ms_lag4,4_wind_speed_ms_lag4,8_temp_c_lag4,0_wind_lag4,1_wind_lag4,2_wind_lag4,3_wind_lag4,4_wind_lag4,0_wind_speed_ms_lag5,0_temp_c_lag5,1_wind_speed_ms_lag5,1_temp_c_lag5,2_wind_speed_ms_lag5,3_wind_speed_ms_lag5,4_wind_speed_ms_lag5,8_temp_c_lag5,0_wind_lag5,1_wind_lag5,2_wind_lag5,3_wind_lag5,4_wind_lag5,0_wind_speed_ms_lag9,0_temp_c_lag9,1_wind_speed_ms_lag9,1_temp_c_lag9,2_wind_speed_ms_lag9,3_wind_speed_ms_lag9,4_wind_speed_ms_lag9,8_temp_c_lag9,0_wind_lag9,1_wind_lag9,2_wind_lag9,3_wind_lag9,4_wind_lag9,0_wind_speed_ms_lag276,0_temp_c_lag276,1_wind_speed_ms_lag276,1_temp_c_lag276,2_wind_speed_ms_lag276,3_wind_speed_ms_lag276,3_temp_c_lag276,4_wind_speed_ms_lag276,8_temp_c_lag276,0_wind_lag276,1_wind_lag276,2_wind_lag276,3_wind_lag276,4_wind_lag276,Wind_lag300,0_wind_speed_ms_lag300,1_wind_speed_ms_lag300,2_wind_speed_ms_lag300,3_wind_speed_ms_lag300,4_wind_speed_ms_lag300,0_wind_lag300,1_wind_lag300,2_wind_lag300,3_wind_lag300,4_wind_lag300,0_wind_speed_ms_lag1_lag300,1_wind_speed_ms_lag1_lag300,2_wind_speed_ms_lag1_lag300,3_wind_speed_ms_lag1_lag300,4_wind_speed_ms_lag1_lag300,0_wind_lag1_lag300,1_wind_lag1_lag300,2_wind_lag1_lag300,3_wind_lag1_lag300,4_wind_lag1_lag300,0_wind_speed_ms_lag2_lag300,1_wind_speed_ms_lag2_lag300,2_wind_speed_ms_lag2_lag300,3_wind_speed_ms_lag2_lag300,4_wind_speed_ms_lag2_lag300,0_wind_lag2_lag300,1_wind_lag2_lag300,2_wind_lag2_lag300,3_wind_lag2_lag300,4_wind_lag2_lag300,0_wind_speed_ms_lag3_lag300,1_wind_speed_ms_lag3_lag300,2_wind_speed_ms_lag3_lag300,3_wind_speed_ms_lag3_lag300,4_wind_speed_ms_lag3_lag300,0_wind_lag3_lag300,1_wind_lag3_lag300,2_wind_lag3_lag300,3_wind_lag3_lag300,4_wind_lag3_lag300,0_wind_speed_ms_lag4_lag300,1_wind_speed_ms_lag4_lag300,2_wind_speed_ms_lag4_lag300,3_wind_speed_ms_lag4_lag300,4_wind_speed_ms_lag4_lag300,0_wind_lag4_lag300,1_wind_lag4_lag300,2_wind_lag4_lag300,3_wind_lag4_lag300,4_wind_lag4_lag300,0_wind_speed_ms_lag5_lag300,1_wind_speed_ms_lag5_lag300,2_wind_speed_ms_lag5_lag300,3_wind_speed_ms_lag5_lag300,4_wind_speed_ms_lag5_lag300,0_wind_lag5_lag300,1_wind_lag5_lag300,2_wind_lag5_lag300,3_wind_lag5_lag300,4_wind_lag5_lag300,0_wind_speed_ms_lag9_lag300,1_wind_speed_ms_lag9_lag300,2_wind_speed_ms_lag9_lag300,3_wind_speed_ms_lag9_lag300,4_wind_speed_ms_lag9_lag300,0_wind_lag9_lag300,1_wind_lag9_lag300,2_wind_lag9_lag300,3_wind_lag9_lag300,4_wind_lag9_lag300,0_wind_speed_ms_lag276_lag300,1_wind_speed_ms_lag276_lag300,2_wind_speed_ms_lag276_lag300,3_wind_speed_ms_lag276_lag300,4_wind_speed_ms_lag276_lag300,0_wind_lag276_lag300,1_wind_lag276_lag300,2_wind_lag276_lag300,3_wind_lag276_lag300,4_wind_lag276_lag300,Wind",300,794,20000,7,0.2,425.3072396,550.2519576,0.7457921
f31fa366481d4272a219f1966b86653b,,,,unknown,FINISHED,cubist_tune,93,4,comb_data_rev8.RDS,"0_wind_speed_ms,0_temp_c,1_wind_speed_ms,1_temp_c,2_wind_speed_ms,3_wind_speed_ms,4_wind_speed_ms,8_temp_c,0_wind,1_wind,2_wind,3_wind,4_wind,0_wind_speed_ms_lag1,0_temp_c_lag1,1_wind_speed_ms_lag1,1_temp_c_lag1,2_wind_speed_ms_lag1,3_wind_speed_ms_lag1,4_wind_speed_ms_lag1,8_temp_c_lag1,0_wind_lag1,1_wind_lag1,2_wind_lag1,3_wind_lag1,4_wind_lag1,0_wind_speed_ms_lag2,0_temp_c_lag2,1_wind_speed_ms_lag2,1_temp_c_lag2,2_wind_speed_ms_lag2,3_wind_speed_ms_lag2,4_wind_speed_ms_lag2,8_temp_c_lag2,0_wind_lag2,1_wind_lag2,2_wind_lag2,3_wind_lag2,4_wind_lag2,0_wind_speed_ms_lag3,0_temp_c_lag3,1_wind_speed_ms_lag3,1_temp_c_lag3,2_wind_speed_ms_lag3,3_wind_speed_ms_lag3,4_wind_speed_ms_lag3,8_temp_c_lag3,0_wind_lag3,1_wind_lag3,2_wind_lag3,3_wind_lag3,4_wind_lag3,0_wind_speed_ms_lag4,0_temp_c_lag4,1_wind_speed_ms_lag4,1_temp_c_lag4,2_wind_speed_ms_lag4,3_wind_speed_ms_lag4,4_wind_speed_ms_lag4,8_temp_c_lag4,0_wind_lag4,1_wind_lag4,2_wind_lag4,3_wind_lag4,4_wind_lag4,0_wind_speed_ms_lag5,0_temp_c_lag5,1_wind_speed_ms_lag5,1_temp_c_lag5,2_wind_speed_ms_lag5,3_wind_speed_ms_lag5,4_wind_speed_ms_lag5,8_temp_c_lag5,0_wind_lag5,1_wind_lag5,2_wind_lag5,3_wind_lag5,4_wind_lag5,0_wind_speed_ms_lag9,0_temp_c_lag9,1_wind_speed_ms_lag9,1_temp_c_lag9,2_wind_speed_ms_lag9,3_wind_speed_ms_lag9,4_wind_speed_ms_lag9,8_temp_c_lag9,0_wind_lag9,1_wind_lag9,2_wind_lag9,3_wind_lag9,4_wind_lag9,0_wind_speed_ms_lag276,0_temp_c_lag276,1_wind_speed_ms_lag276,1_temp_c_lag276,2_wind_speed_ms_lag276,3_wind_speed_ms_lag276,3_temp_c_lag276,4_wind_speed_ms_lag276,8_temp_c_lag276,0_wind_lag276,1_wind_lag276,2_wind_lag276,3_wind_lag276,4_wind_lag276,Wind_lag300,0_wind_speed_ms_lag300,1_wind_speed_ms_lag300,2_wind_speed_ms_lag300,3_wind_speed_ms_lag300,4_wind_speed_ms_lag300,0_wind_lag300,1_wind_lag300,2_wind_lag300,3_wind_lag300,4_wind_lag300,0_wind_speed_ms_lag1_lag300,1_wind_speed_ms_lag1_lag300,2_wind_speed_ms_lag1_lag300,3_wind_speed_ms_lag1_lag300,4_wind_speed_ms_lag1_lag300,0_wind_lag1_lag300,1_wind_lag1_lag300,2_wind_lag1_lag300,3_wind_lag1_lag300,4_wind_lag1_lag300,0_wind_speed_ms_lag2_lag300,1_wind_speed_ms_lag2_lag300,2_wind_speed_ms_lag2_lag300,3_wind_speed_ms_lag2_lag300,4_wind_speed_ms_lag2_lag300,0_wind_lag2_lag300,1_wind_lag2_lag300,2_wind_lag2_lag300,3_wind_lag2_lag300,4_wind_lag2_lag300,0_wind_speed_ms_lag3_lag300,1_wind_speed_ms_lag3_lag300,2_wind_speed_ms_lag3_lag300,3_wind_speed_ms_lag3_lag300,4_wind_speed_ms_lag3_lag300,0_wind_lag3_lag300,1_wind_lag3_lag300,2_wind_lag3_lag300,3_wind_lag3_lag300,4_wind_lag3_lag300,0_wind_speed_ms_lag4_lag300,1_wind_speed_ms_lag4_lag300,2_wind_speed_ms_lag4_lag300,3_wind_speed_ms_lag4_lag300,4_wind_speed_ms_lag4_lag300,0_wind_lag4_lag300,1_wind_lag4_lag300,2_wind_lag4_lag300,3_wind_lag4_lag300,4_wind_lag4_lag300,0_wind_speed_ms_lag5_lag300,1_wind_speed_ms_lag5_lag300,2_wind_speed_ms_lag5_lag300,3_wind_speed_ms_lag5_lag300,4_wind_speed_ms_lag5_lag300,0_wind_lag5_lag300,1_wind_lag5_lag300,2_wind_lag5_lag300,3_wind_lag5_lag300,4_wind_lag5_lag300,0_wind_speed_ms_lag9_lag300,1_wind_speed_ms_lag9_lag300,2_wind_speed_ms_lag9_lag300,3_wind_speed_ms_lag9_lag300,4_wind_speed_ms_lag9_lag300,0_wind_lag9_lag300,1_wind_lag9_lag300,2_wind_lag9_lag300,3_wind_lag9_lag300,4_wind_lag9_lag300,0_wind_speed_ms_lag276_lag300,1_wind_speed_ms_lag276_lag300,2_wind_speed_ms_lag276_lag300,3_wind_speed_ms_lag276_lag300,4_wind_speed_ms_lag276_lag300,0_wind_lag276_lag300,1_wind_lag276_lag300,2_wind_lag276_lag300,3_wind_lag276_lag300,4_wind_lag276_lag300,Wind",300,47,20000,8,0.2,426.9784097,562.3960688,0.7421341
c260f0c085704d898a1ac45960843132,,,,unknown,FINISHED,cubist_tune,89,4,comb_data_rev8.RDS,"0_wind_speed_ms,0_temp_c,1_wind_speed_ms,1_temp_c,2_wind_speed_ms,3_wind_speed_ms,4_wind_speed_ms,8_temp_c,0_wind,1_wind,2_wind,3_wind,4_wind,0_wind_speed_ms_lag1,0_temp_c_lag1,1_wind_speed_ms_lag1,1_temp_c_lag1,2_wind_speed_ms_lag1,3_wind_speed_ms_lag1,4_wind_speed_ms_lag1,8_temp_c_lag1,0_wind_lag1,1_wind_lag1,2_wind_lag1,3_wind_lag1,4_wind_lag1,0_wind_speed_ms_lag2,0_temp_c_lag2,1_wind_speed_ms_lag2,1_temp_c_lag2,2_wind_speed_ms_lag2,3_wind_speed_ms_lag2,4_wind_speed_ms_lag2,8_temp_c_lag2,0_wind_lag2,1_wind_lag2,2_wind_lag2,3_wind_lag2,4_wind_lag2,0_wind_speed_ms_lag3,0_temp_c_lag3,1_wind_speed_ms_lag3,1_temp_c_lag3,2_wind_speed_ms_lag3,3_wind_speed_ms_lag3,4_wind_speed_ms_lag3,8_temp_c_lag3,0_wind_lag3,1_wind_lag3,2_wind_lag3,3_wind_lag3,4_wind_lag3,0_wind_speed_ms_lag4,0_temp_c_lag4,1_wind_speed_ms_lag4,1_temp_c_lag4,2_wind_speed_ms_lag4,3_wind_speed_ms_lag4,4_wind_speed_ms_lag4,8_temp_c_lag4,0_wind_lag4,1_wind_lag4,2_wind_lag4,3_wind_lag4,4_wind_lag4,0_wind_speed_ms_lag5,0_temp_c_lag5,1_wind_speed_ms_lag5,1_temp_c_lag5,2_wind_speed_ms_lag5,3_wind_speed_ms_lag5,4_wind_speed_ms_lag5,8_temp_c_lag5,0_wind_lag5,1_wind_lag5,2_wind_lag5,3_wind_lag5,4_wind_lag5,0_wind_speed_ms_lag9,0_temp_c_lag9,1_wind_speed_ms_lag9,1_temp_c_lag9,2_wind_speed_ms_lag9,3_wind_speed_ms_lag9,4_wind_speed_ms_lag9,8_temp_c_lag9,0_wind_lag9,1_wind_lag9,2_wind_lag9,3_wind_lag9,4_wind_lag9,0_wind_speed_ms_lag276,0_temp_c_lag276,1_wind_speed_ms_lag276,1_temp_c_lag276,2_wind_speed_ms_lag276,3_wind_speed_ms_lag276,3_temp_c_lag276,4_wind_speed_ms_lag276,8_temp_c_lag276,0_wind_lag276,1_wind_lag276,2_wind_lag276,3_wind_lag276,4_wind_lag276,Wind_lag300,0_wind_speed_ms_lag300,1_wind_speed_ms_lag300,2_wind_speed_ms_lag300,3_wind_speed_ms_lag300,4_wind_speed_ms_lag300,0_wind_lag300,1_wind_lag300,2_wind_lag300,3_wind_lag300,4_wind_lag300,0_wind_speed_ms_lag1_lag300,1_wind_speed_ms_lag1_lag300,2_wind_speed_ms_lag1_lag300,3_wind_speed_ms_lag1_lag300,4_wind_speed_ms_lag1_lag300,0_wind_lag1_lag300,1_wind_lag1_lag300,2_wind_lag1_lag300,3_wind_lag1_lag300,4_wind_lag1_lag300,0_wind_speed_ms_lag2_lag300,1_wind_speed_ms_lag2_lag300,2_wind_speed_ms_lag2_lag300,3_wind_speed_ms_lag2_lag300,4_wind_speed_ms_lag2_lag300,0_wind_lag2_lag300,1_wind_lag2_lag300,2_wind_lag2_lag300,3_wind_lag2_lag300,4_wind_lag2_lag300,0_wind_speed_ms_lag3_lag300,1_wind_speed_ms_lag3_lag300,2_wind_speed_ms_lag3_lag300,3_wind_speed_ms_lag3_lag300,4_wind_speed_ms_lag3_lag300,0_wind_lag3_lag300,1_wind_lag3_lag300,2_wind_lag3_lag300,3_wind_lag3_lag300,4_wind_lag3_lag300,0_wind_speed_ms_lag4_lag300,1_wind_speed_ms_lag4_lag300,2_wind_speed_ms_lag4_lag300,3_wind_speed_ms_lag4_lag300,4_wind_speed_ms_lag4_lag300,0_wind_lag4_lag300,1_wind_lag4_lag300,2_wind_lag4_lag300,3_wind_lag4_lag300,4_wind_lag4_lag300,0_wind_speed_ms_lag5_lag300,1_wind_speed_ms_lag5_lag300,2_wind_speed_ms_lag5_lag300,3_wind_speed_ms_lag5_lag300,4_wind_speed_ms_lag5_lag300,0_wind_lag5_lag300,1_wind_lag5_lag300,2_wind_lag5_lag300,3_wind_lag5_lag300,4_wind_lag5_lag300,0_wind_speed_ms_lag9_lag300,1_wind_speed_ms_lag9_lag300,2_wind_speed_ms_lag9_lag300,3_wind_speed_ms_lag9_lag300,4_wind_speed_ms_lag9_lag300,0_wind_lag9_lag300,1_wind_lag9_lag300,2_wind_lag9_lag300,3_wind_lag9_lag300,4_wind_lag9_lag300,0_wind_speed_ms_lag276_lag300,1_wind_speed_ms_lag276_lag300,2_wind_speed_ms_lag276_lag300,3_wind_speed_ms_lag276_lag300,4_wind_speed_ms_lag276_lag300,0_wind_lag276_lag300,1_wind_lag276_lag300,2_wind_lag276_lag300,3_wind_lag276_lag300,4_wind_lag276_lag300,Wind",300,690,20000,4,0.2,427.477883,552.9144266,0.7436316
199937ab20214532b30971046018fd63,,,,unknown,FINISHED,cubist_tune,85,4,comb_data_rev8.RDS,"0_wind_speed_ms,0_temp_c,1_wind_speed_ms,1_temp_c,2_wind_speed_ms,3_wind_speed_ms,4_wind_speed_ms,8_temp_c,0_wind,1_wind,2_wind,3_wind,4_wind,0_wind_speed_ms_lag1,0_temp_c_lag1,1_wind_speed_ms_lag1,1_temp_c_lag1,2_wind_speed_ms_lag1,3_wind_speed_ms_lag1,4_wind_speed_ms_lag1,8_temp_c_lag1,0_wind_lag1,1_wind_lag1,2_wind_lag1,3_wind_lag1,4_wind_lag1,0_wind_speed_ms_lag2,0_temp_c_lag2,1_wind_speed_ms_lag2,1_temp_c_lag2,2_wind_speed_ms_lag2,3_wind_speed_ms_lag2,4_wind_speed_ms_lag2,8_temp_c_lag2,0_wind_lag2,1_wind_lag2,2_wind_lag2,3_wind_lag2,4_wind_lag2,0_wind_speed_ms_lag3,0_temp_c_lag3,1_wind_speed_ms_lag3,1_temp_c_lag3,2_wind_speed_ms_lag3,3_wind_speed_ms_lag3,4_wind_speed_ms_lag3,8_temp_c_lag3,0_wind_lag3,1_wind_lag3,2_wind_lag3,3_wind_lag3,4_wind_lag3,0_wind_speed_ms_lag4,0_temp_c_lag4,1_wind_speed_ms_lag4,1_temp_c_lag4,2_wind_speed_ms_lag4,3_wind_speed_ms_lag4,4_wind_speed_ms_lag4,8_temp_c_lag4,0_wind_lag4,1_wind_lag4,2_wind_lag4,3_wind_lag4,4_wind_lag4,0_wind_speed_ms_lag5,0_temp_c_lag5,1_wind_speed_ms_lag5,1_temp_c_lag5,2_wind_speed_ms_lag5,3_wind_speed_ms_lag5,4_wind_speed_ms_lag5,8_temp_c_lag5,0_wind_lag5,1_wind_lag5,2_wind_lag5,3_wind_lag5,4_wind_lag5,0_wind_speed_ms_lag9,0_temp_c_lag9,1_wind_speed_ms_lag9,1_temp_c_lag9,2_wind_speed_ms_lag9,3_wind_speed_ms_lag9,4_wind_speed_ms_lag9,8_temp_c_lag9,0_wind_lag9,1_wind_lag9,2_wind_lag9,3_wind_lag9,4_wind_lag9,0_wind_speed_ms_lag276,0_temp_c_lag276,1_wind_speed_ms_lag276,1_temp_c_lag276,2_wind_speed_ms_lag276,3_wind_speed_ms_lag276,3_temp_c_lag276,4_wind_speed_ms_lag276,8_temp_c_lag276,0_wind_lag276,1_wind_lag276,2_wind_lag276,3_wind_lag276,4_wind_lag276,Wind_lag300,0_wind_speed_ms_lag300,1_wind_speed_ms_lag300,2_wind_speed_ms_lag300,3_wind_speed_ms_lag300,4_wind_speed_ms_lag300,0_wind_lag300,1_wind_lag300,2_wind_lag300,3_wind_lag300,4_wind_lag300,0_wind_speed_ms_lag1_lag300,1_wind_speed_ms_lag1_lag300,2_wind_speed_ms_lag1_lag300,3_wind_speed_ms_lag1_lag300,4_wind_speed_ms_lag1_lag300,0_wind_lag1_lag300,1_wind_lag1_lag300,2_wind_lag1_lag300,3_wind_lag1_lag300,4_wind_lag1_lag300,0_wind_speed_ms_lag2_lag300,1_wind_speed_ms_lag2_lag300,2_wind_speed_ms_lag2_lag300,3_wind_speed_ms_lag2_lag300,4_wind_speed_ms_lag2_lag300,0_wind_lag2_lag300,1_wind_lag2_lag300,2_wind_lag2_lag300,3_wind_lag2_lag300,4_wind_lag2_lag300,0_wind_speed_ms_lag3_lag300,1_wind_speed_ms_lag3_lag300,2_wind_speed_ms_lag3_lag300,3_wind_speed_ms_lag3_lag300,4_wind_speed_ms_lag3_lag300,0_wind_lag3_lag300,1_wind_lag3_lag300,2_wind_lag3_lag300,3_wind_lag3_lag300,4_wind_lag3_lag300,0_wind_speed_ms_lag4_lag300,1_wind_speed_ms_lag4_lag300,2_wind_speed_ms_lag4_lag300,3_wind_speed_ms_lag4_lag300,4_wind_speed_ms_lag4_lag300,0_wind_lag4_lag300,1_wind_lag4_lag300,2_wind_lag4_lag300,3_wind_lag4_lag300,4_wind_lag4_lag300,0_wind_speed_ms_lag5_lag300,1_wind_speed_ms_lag5_lag300,2_wind_speed_ms_lag5_lag300,3_wind_speed_ms_lag5_lag300,4_wind_speed_ms_lag5_lag300,0_wind_lag5_lag300,1_wind_lag5_lag300,2_wind_lag5_lag300,3_wind_lag5_lag300,4_wind_lag5_lag300,0_wind_speed_ms_lag9_lag300,1_wind_speed_ms_lag9_lag300,2_wind_speed_ms_lag9_lag300,3_wind_speed_ms_lag9_lag300,4_wind_speed_ms_lag9_lag300,0_wind_lag9_lag300,1_wind_lag9_lag300,2_wind_lag9_lag300,3_wind_lag9_lag300,4_wind_lag9_lag300,0_wind_speed_ms_lag276_lag300,1_wind_speed_ms_lag276_lag300,2_wind_speed_ms_lag276_lag300,3_wind_speed_ms_lag276_lag300,4_wind_speed_ms_lag276_lag300,0_wind_lag276_lag300,1_wind_lag276_lag300,2_wind_lag276_lag300,3_wind_lag276_lag300,4_wind_lag276_lag300,Wind",300,440,20000,3,0.2,426.8487175,552.6997352,0.7441326
68e88c68657e493dbc5ab9b94d93a161,,,,unknown,FINISHED,cubist_tune,83,4,comb_data_rev8.RDS,"0_wind_speed_ms,0_temp_c,1_wind_speed_ms,1_temp_c,2_wind_speed_ms,3_wind_speed_ms,4_wind_speed_ms,8_temp_c,0_wind,1_wind,2_wind,3_wind,4_wind,0_wind_speed_ms_lag1,0_temp_c_lag1,1_wind_speed_ms_lag1,1_temp_c_lag1,2_wind_speed_ms_lag1,3_wind_speed_ms_lag1,4_wind_speed_ms_lag1,8_temp_c_lag1,0_wind_lag1,1_wind_lag1,2_wind_lag1,3_wind_lag1,4_wind_lag1,0_wind_speed_ms_lag2,0_temp_c_lag2,1_wind_speed_ms_lag2,1_temp_c_lag2,2_wind_speed_ms_lag2,3_wind_speed_ms_lag2,4_wind_speed_ms_lag2,8_temp_c_lag2,0_wind_lag2,1_wind_lag2,2_wind_lag2,3_wind_lag2,4_wind_lag2,0_wind_speed_ms_lag3,0_temp_c_lag3,1_wind_speed_ms_lag3,1_temp_c_lag3,2_wind_speed_ms_lag3,3_wind_speed_ms_lag3,4_wind_speed_ms_lag3,8_temp_c_lag3,0_wind_lag3,1_wind_lag3,2_wind_lag3,3_wind_lag3,4_wind_lag3,0_wind_speed_ms_lag4,0_temp_c_lag4,1_wind_speed_ms_lag4,1_temp_c_lag4,2_wind_speed_ms_lag4,3_wind_speed_ms_lag4,4_wind_speed_ms_lag4,8_temp_c_lag4,0_wind_lag4,1_wind_lag4,2_wind_lag4,3_wind_lag4,4_wind_lag4,0_wind_speed_ms_lag5,0_temp_c_lag5,1_wind_speed_ms_lag5,1_temp_c_lag5,2_wind_speed_ms_lag5,3_wind_speed_ms_lag5,4_wind_speed_ms_lag5,8_temp_c_lag5,0_wind_lag5,1_wind_lag5,2_wind_lag5,3_wind_lag5,4_wind_lag5,0_wind_speed_ms_lag9,0_temp_c_lag9,1_wind_speed_ms_lag9,1_temp_c_lag9,2_wind_speed_ms_lag9,3_wind_speed_ms_lag9,4_wind_speed_ms_lag9,8_temp_c_lag9,0_wind_lag9,1_wind_lag9,2_wind_lag9,3_wind_lag9,4_wind_lag9,0_wind_speed_ms_lag276,0_temp_c_lag276,1_wind_speed_ms_lag276,1_temp_c_lag276,2_wind_speed_ms_lag276,3_wind_speed_ms_lag276,3_temp_c_lag276,4_wind_speed_ms_lag276,8_temp_c_lag276,0_wind_lag276,1_wind_lag276,2_wind_lag276,3_wind_lag276,4_wind_lag276,Wind_lag300,0_wind_speed_ms_lag300,1_wind_speed_ms_lag300,2_wind_speed_ms_lag300,3_wind_speed_ms_lag300,4_wind_speed_ms_lag300,0_wind_lag300,1_wind_lag300,2_wind_lag300,3_wind_lag300,4_wind_lag300,0_wind_speed_ms_lag1_lag300,1_wind_speed_ms_lag1_lag300,2_wind_speed_ms_lag1_lag300,3_wind_speed_ms_lag1_lag300,4_wind_speed_ms_lag1_lag300,0_wind_lag1_lag300,1_wind_lag1_lag300,2_wind_lag1_lag300,3_wind_lag1_lag300,4_wind_lag1_lag300,0_wind_speed_ms_lag2_lag300,1_wind_speed_ms_lag2_lag300,2_wind_speed_ms_lag2_lag300,3_wind_speed_ms_lag2_lag300,4_wind_speed_ms_lag2_lag300,0_wind_lag2_lag300,1_wind_lag2_lag300,2_wind_lag2_lag300,3_wind_lag2_lag300,4_wind_lag2_lag300,0_wind_speed_ms_lag3_lag300,1_wind_speed_ms_lag3_lag300,2_wind_speed_ms_lag3_lag300,3_wind_speed_ms_lag3_lag300,4_wind_speed_ms_lag3_lag300,0_wind_lag3_lag300,1_wind_lag3_lag300,2_wind_lag3_lag300,3_wind_lag3_lag300,4_wind_lag3_lag300,0_wind_speed_ms_lag4_lag300,1_wind_speed_ms_lag4_lag300,2_wind_speed_ms_lag4_lag300,3_wind_speed_ms_lag4_lag300,4_wind_speed_ms_lag4_lag300,0_wind_lag4_lag300,1_wind_lag4_lag300,2_wind_lag4_lag300,3_wind_lag4_lag300,4_wind_lag4_lag300,0_wind_speed_ms_lag5_lag300,1_wind_speed_ms_lag5_lag300,2_wind_speed_ms_lag5_lag300,3_wind_speed_ms_lag5_lag300,4_wind_speed_ms_lag5_lag300,0_wind_lag5_lag300,1_wind_lag5_lag300,2_wind_lag5_lag300,3_wind_lag5_lag300,4_wind_lag5_lag300,0_wind_speed_ms_lag9_lag300,1_wind_speed_ms_lag9_lag300,2_wind_speed_ms_lag9_lag300,3_wind_speed_ms_lag9_lag300,4_wind_speed_ms_lag9_lag300,0_wind_lag9_lag300,1_wind_lag9_lag300,2_wind_lag9_lag300,3_wind_lag9_lag300,4_wind_lag9_lag300,0_wind_speed_ms_lag276_lag300,1_wind_speed_ms_lag276_lag300,2_wind_speed_ms_lag276_lag300,3_wind_speed_ms_lag276_lag300,4_wind_speed_ms_lag276_lag300,0_wind_lag276_lag300,1_wind_lag276_lag300,2_wind_lag276_lag300,3_wind_lag276_lag300,4_wind_lag276_lag300,Wind",300,192,20000,1,0.2,429.8163263,554.3848053,0.7382338
ff81d95cee504d4c881698694292dd90,,,,unknown,FINISHED,cubist_tune,79,4,comb_data_rev8.RDS,"0_wind_speed_ms,0_temp_c,1_wind_speed_ms,1_temp_c,2_wind_speed_ms,3_wind_speed_ms,4_wind_speed_ms,8_temp_c,0_wind,1_wind,2_wind,3_wind,4_wind,0_wind_speed_ms_lag1,0_temp_c_lag1,1_wind_speed_ms_lag1,1_temp_c_lag1,2_wind_speed_ms_lag1,3_wind_speed_ms_lag1,4_wind_speed_ms_lag1,8_temp_c_lag1,0_wind_lag1,1_wind_lag1,2_wind_lag1,3_wind_lag1,4_wind_lag1,0_wind_speed_ms_lag2,0_temp_c_lag2,1_wind_speed_ms_lag2,1_temp_c_lag2,2_wind_speed_ms_lag2,3_wind_speed_ms_lag2,4_wind_speed_ms_lag2,8_temp_c_lag2,0_wind_lag2,1_wind_lag2,2_wind_lag2,3_wind_lag2,4_wind_lag2,0_wind_speed_ms_lag3,0_temp_c_lag3,1_wind_speed_ms_lag3,1_temp_c_lag3,2_wind_speed_ms_lag3,3_wind_speed_ms_lag3,4_wind_speed_ms_lag3,8_temp_c_lag3,0_wind_lag3,1_wind_lag3,2_wind_lag3,3_wind_lag3,4_wind_lag3,0_wind_speed_ms_lag4,0_temp_c_lag4,1_wind_speed_ms_lag4,1_temp_c_lag4,2_wind_speed_ms_lag4,3_wind_speed_ms_lag4,4_wind_speed_ms_lag4,8_temp_c_lag4,0_wind_lag4,1_wind_lag4,2_wind_lag4,3_wind_lag4,4_wind_lag4,0_wind_speed_ms_lag5,0_temp_c_lag5,1_wind_speed_ms_lag5,1_temp_c_lag5,2_wind_speed_ms_lag5,3_wind_speed_ms_lag5,4_wind_speed_ms_lag5,8_temp_c_lag5,0_wind_lag5,1_wind_lag5,2_wind_lag5,3_wind_lag5,4_wind_lag5,0_wind_speed_ms_lag9,0_temp_c_lag9,1_wind_speed_ms_lag9,1_temp_c_lag9,2_wind_speed_ms_lag9,3_wind_speed_ms_lag9,4_wind_speed_ms_lag9,8_temp_c_lag9,0_wind_lag9,1_wind_lag9,2_wind_lag9,3_wind_lag9,4_wind_lag9,0_wind_speed_ms_lag276,0_temp_c_lag276,1_wind_speed_ms_lag276,1_temp_c_lag276,2_wind_speed_ms_lag276,3_wind_speed_ms_lag276,3_temp_c_lag276,4_wind_speed_ms_lag276,8_temp_c_lag276,0_wind_lag276,1_wind_lag276,2_wind_lag276,3_wind_lag276,4_wind_lag276,Wind_lag300,0_wind_speed_ms_lag300,1_wind_speed_ms_lag300,2_wind_speed_ms_lag300,3_wind_speed_ms_lag300,4_wind_speed_ms_lag300,0_wind_lag300,1_wind_lag300,2_wind_lag300,3_wind_lag300,4_wind_lag300,0_wind_speed_ms_lag1_lag300,1_wind_speed_ms_lag1_lag300,2_wind_speed_ms_lag1_lag300,3_wind_speed_ms_lag1_lag300,4_wind_speed_ms_lag1_lag300,0_wind_lag1_lag300,1_wind_lag1_lag300,2_wind_lag1_lag300,3_wind_lag1_lag300,4_wind_lag1_lag300,0_wind_speed_ms_lag2_lag300,1_wind_speed_ms_lag2_lag300,2_wind_speed_ms_lag2_lag300,3_wind_speed_ms_lag2_lag300,4_wind_speed_ms_lag2_lag300,0_wind_lag2_lag300,1_wind_lag2_lag300,2_wind_lag2_lag300,3_wind_lag2_lag300,4_wind_lag2_lag300,0_wind_speed_ms_lag3_lag300,1_wind_speed_ms_lag3_lag300,2_wind_speed_ms_lag3_lag300,3_wind_speed_ms_lag3_lag300,4_wind_speed_ms_lag3_lag300,0_wind_lag3_lag300,1_wind_lag3_lag300,2_wind_lag3_lag300,3_wind_lag3_lag300,4_wind_lag3_lag300,0_wind_speed_ms_lag4_lag300,1_wind_speed_ms_lag4_lag300,2_wind_speed_ms_lag4_lag300,3_wind_speed_ms_lag4_lag300,4_wind_speed_ms_lag4_lag300,0_wind_lag4_lag300,1_wind_lag4_lag300,2_wind_lag4_lag300,3_wind_lag4_lag300,4_wind_lag4_lag300,0_wind_speed_ms_lag5_lag300,1_wind_speed_ms_lag5_lag300,2_wind_speed_ms_lag5_lag300,3_wind_speed_ms_lag5_lag300,4_wind_speed_ms_lag5_lag300,0_wind_lag5_lag300,1_wind_lag5_lag300,2_wind_lag5_lag300,3_wind_lag5_lag300,4_wind_lag5_lag300,0_wind_speed_ms_lag9_lag300,1_wind_speed_ms_lag9_lag300,2_wind_speed_ms_lag9_lag300,3_wind_speed_ms_lag9_lag300,4_wind_speed_ms_lag9_lag300,0_wind_lag9_lag300,1_wind_lag9_lag300,2_wind_lag9_lag300,3_wind_lag9_lag300,4_wind_lag9_lag300,0_wind_speed_ms_lag276_lag300,1_wind_speed_ms_lag276_lag300,2_wind_speed_ms_lag276_lag300,3_wind_speed_ms_lag276_lag300,4_wind_speed_ms_lag276_lag300,0_wind_lag276_lag300,1_wind_lag276_lag300,2_wind_lag276_lag300,3_wind_lag276_lag300,4_wind_lag276_lag300,Wind",300,280,20000,6,0.2,419.6602159,546.2863575,0.7426779
4f097b0caf7748a2b402b52a1fafdad2,,,,unknown,FINISHED,cubist_tune,78,4,comb_data_rev8.RDS,"0_wind_speed_ms,0_temp_c,1_wind_speed_ms,1_temp_c,2_wind_speed_ms,3_wind_speed_ms,4_wind_speed_ms,8_temp_c,0_wind,1_wind,2_wind,3_wind,4_wind,0_wind_speed_ms_lag1,0_temp_c_lag1,1_wind_speed_ms_lag1,1_temp_c_lag1,2_wind_speed_ms_lag1,3_wind_speed_ms_lag1,4_wind_speed_ms_lag1,8_temp_c_lag1,0_wind_lag1,1_wind_lag1,2_wind_lag1,3_wind_lag1,4_wind_lag1,0_wind_speed_ms_lag2,0_temp_c_lag2,1_wind_speed_ms_lag2,1_temp_c_lag2,2_wind_speed_ms_lag2,3_wind_speed_ms_lag2,4_wind_speed_ms_lag2,8_temp_c_lag2,0_wind_lag2,1_wind_lag2,2_wind_lag2,3_wind_lag2,4_wind_lag2,0_wind_speed_ms_lag3,0_temp_c_lag3,1_wind_speed_ms_lag3,1_temp_c_lag3,2_wind_speed_ms_lag3,3_wind_speed_ms_lag3,4_wind_speed_ms_lag3,8_temp_c_lag3,0_wind_lag3,1_wind_lag3,2_wind_lag3,3_wind_lag3,4_wind_lag3,0_wind_speed_ms_lag4,0_temp_c_lag4,1_wind_speed_ms_lag4,1_temp_c_lag4,2_wind_speed_ms_lag4,3_wind_speed_ms_lag4,4_wind_speed_ms_lag4,8_temp_c_lag4,0_wind_lag4,1_wind_lag4,2_wind_lag4,3_wind_lag4,4_wind_lag4,0_wind_speed_ms_lag5,0_temp_c_lag5,1_wind_speed_ms_lag5,1_temp_c_lag5,2_wind_speed_ms_lag5,3_wind_speed_ms_lag5,4_wind_speed_ms_lag5,8_temp_c_lag5,0_wind_lag5,1_wind_lag5,2_wind_lag5,3_wind_lag5,4_wind_lag5,0_wind_speed_ms_lag9,0_temp_c_lag9,1_wind_speed_ms_lag9,1_temp_c_lag9,2_wind_speed_ms_lag9,3_wind_speed_ms_lag9,4_wind_speed_ms_lag9,8_temp_c_lag9,0_wind_lag9,1_wind_lag9,2_wind_lag9,3_wind_lag9,4_wind_lag9,0_wind_speed_ms_lag276,0_temp_c_lag276,1_wind_speed_ms_lag276,1_temp_c_lag276,2_wind_speed_ms_lag276,3_wind_speed_ms_lag276,3_temp_c_lag276,4_wind_speed_ms_lag276,8_temp_c_lag276,0_wind_lag276,1_wind_lag276,2_wind_lag276,3_wind_lag276,4_wind_lag276,Wind_lag300,0_wind_speed_ms_lag300,1_wind_speed_ms_lag300,2_wind_speed_ms_lag300,3_wind_speed_ms_lag300,4_wind_speed_ms_lag300,0_wind_lag300,1_wind_lag300,2_wind_lag300,3_wind_lag300,4_wind_lag300,0_wind_speed_ms_lag1_lag300,1_wind_speed_ms_lag1_lag300,2_wind_speed_ms_lag1_lag300,3_wind_speed_ms_lag1_lag300,4_wind_speed_ms_lag1_lag300,0_wind_lag1_lag300,1_wind_lag1_lag300,2_wind_lag1_lag300,3_wind_lag1_lag300,4_wind_lag1_lag300,0_wind_speed_ms_lag2_lag300,1_wind_speed_ms_lag2_lag300,2_wind_speed_ms_lag2_lag300,3_wind_speed_ms_lag2_lag300,4_wind_speed_ms_lag2_lag300,0_wind_lag2_lag300,1_wind_lag2_lag300,2_wind_lag2_lag300,3_wind_lag2_lag300,4_wind_lag2_lag300,0_wind_speed_ms_lag3_lag300,1_wind_speed_ms_lag3_lag300,2_wind_speed_ms_lag3_lag300,3_wind_speed_ms_lag3_lag300,4_wind_speed_ms_lag3_lag300,0_wind_lag3_lag300,1_wind_lag3_lag300,2_wind_lag3_lag300,3_wind_lag3_lag300,4_wind_lag3_lag300,0_wind_speed_ms_lag4_lag300,1_wind_speed_ms_lag4_lag300,2_wind_speed_ms_lag4_lag300,3_wind_speed_ms_lag4_lag300,4_wind_speed_ms_lag4_lag300,0_wind_lag4_lag300,1_wind_lag4_lag300,2_wind_lag4_lag300,3_wind_lag4_lag300,4_wind_lag4_lag300,0_wind_speed_ms_lag5_lag300,1_wind_speed_ms_lag5_lag300,2_wind_speed_ms_lag5_lag300,3_wind_speed_ms_lag5_lag300,4_wind_speed_ms_lag5_lag300,0_wind_lag5_lag300,1_wind_lag5_lag300,2_wind_lag5_lag300,3_wind_lag5_lag300,4_wind_lag5_lag300,0_wind_speed_ms_lag9_lag300,1_wind_speed_ms_lag9_lag300,2_wind_speed_ms_lag9_lag300,3_wind_speed_ms_lag9_lag300,4_wind_speed_ms_lag9_lag300,0_wind_lag9_lag300,1_wind_lag9_lag300,2_wind_lag9_lag300,3_wind_lag9_lag300,4_wind_lag9_lag300,0_wind_speed_ms_lag276_lag300,1_wind_speed_ms_lag276_lag300,2_wind_speed_ms_lag276_lag300,3_wind_speed_ms_lag276_lag300,4_wind_speed_ms_lag276_lag300,0_wind_lag276_lag300,1_wind_lag276_lag300,2_wind_lag276_lag300,3_wind_lag276_lag300,4_wind_lag276_lag300,Wind",300,573,20000,5,0.2,428.2969751,553.3092079,0.7435807
ca60395d3e524700b27a9b821b656326,,,,unknown,FINISHED,cubist_tune,76,4,comb_data_rev8.RDS,"0_wind_speed_ms,0_temp_c,1_wind_speed_ms,1_temp_c,2_wind_speed_ms,3_wind_speed_ms,4_wind_speed_ms,8_temp_c,0_wind,1_wind,2_wind,3_wind,4_wind,0_wind_speed_ms_lag1,0_temp_c_lag1,1_wind_speed_ms_lag1,1_temp_c_lag1,2_wind_speed_ms_lag1,3_wind_speed_ms_lag1,4_wind_speed_ms_lag1,8_temp_c_lag1,0_wind_lag1,1_wind_lag1,2_wind_lag1,3_wind_lag1,4_wind_lag1,0_wind_speed_ms_lag2,0_temp_c_lag2,1_wind_speed_ms_lag2,1_temp_c_lag2,2_wind_speed_ms_lag2,3_wind_speed_ms_lag2,4_wind_speed_ms_lag2,8_temp_c_lag2,0_wind_lag2,1_wind_lag2,2_wind_lag2,3_wind_lag2,4_wind_lag2,0_wind_speed_ms_lag3,0_temp_c_lag3,1_wind_speed_ms_lag3,1_temp_c_lag3,2_wind_speed_ms_lag3,3_wind_speed_ms_lag3,4_wind_speed_ms_lag3,8_temp_c_lag3,0_wind_lag3,1_wind_lag3,2_wind_lag3,3_wind_lag3,4_wind_lag3,0_wind_speed_ms_lag4,0_temp_c_lag4,1_wind_speed_ms_lag4,1_temp_c_lag4,2_wind_speed_ms_lag4,3_wind_speed_ms_lag4,4_wind_speed_ms_lag4,8_temp_c_lag4,0_wind_lag4,1_wind_lag4,2_wind_lag4,3_wind_lag4,4_wind_lag4,0_wind_speed_ms_lag5,0_temp_c_lag5,1_wind_speed_ms_lag5,1_temp_c_lag5,2_wind_speed_ms_lag5,3_wind_speed_ms_lag5,4_wind_speed_ms_lag5,8_temp_c_lag5,0_wind_lag5,1_wind_lag5,2_wind_lag5,3_wind_lag5,4_wind_lag5,0_wind_speed_ms_lag9,0_temp_c_lag9,1_wind_speed_ms_lag9,1_temp_c_lag9,2_wind_speed_ms_lag9,3_wind_speed_ms_lag9,4_wind_speed_ms_lag9,8_temp_c_lag9,0_wind_lag9,1_wind_lag9,2_wind_lag9,3_wind_lag9,4_wind_lag9,0_wind_speed_ms_lag276,0_temp_c_lag276,1_wind_speed_ms_lag276,1_temp_c_lag276,2_wind_speed_ms_lag276,3_wind_speed_ms_lag276,3_temp_c_lag276,4_wind_speed_ms_lag276,8_temp_c_lag276,0_wind_lag276,1_wind_lag276,2_wind_lag276,3_wind_lag276,4_wind_lag276,Wind_lag300,0_wind_speed_ms_lag300,1_wind_speed_ms_lag300,2_wind_speed_ms_lag300,3_wind_speed_ms_lag300,4_wind_speed_ms_lag300,0_wind_lag300,1_wind_lag300,2_wind_lag300,3_wind_lag300,4_wind_lag300,0_wind_speed_ms_lag1_lag300,1_wind_speed_ms_lag1_lag300,2_wind_speed_ms_lag1_lag300,3_wind_speed_ms_lag1_lag300,4_wind_speed_ms_lag1_lag300,0_wind_lag1_lag300,1_wind_lag1_lag300,2_wind_lag1_lag300,3_wind_lag1_lag300,4_wind_lag1_lag300,0_wind_speed_ms_lag2_lag300,1_wind_speed_ms_lag2_lag300,2_wind_speed_ms_lag2_lag300,3_wind_speed_ms_lag2_lag300,4_wind_speed_ms_lag2_lag300,0_wind_lag2_lag300,1_wind_lag2_lag300,2_wind_lag2_lag300,3_wind_lag2_lag300,4_wind_lag2_lag300,0_wind_speed_ms_lag3_lag300,1_wind_speed_ms_lag3_lag300,2_wind_speed_ms_lag3_lag300,3_wind_speed_ms_lag3_lag300,4_wind_speed_ms_lag3_lag300,0_wind_lag3_lag300,1_wind_lag3_lag300,2_wind_lag3_lag300,3_wind_lag3_lag300,4_wind_lag3_lag300,0_wind_speed_ms_lag4_lag300,1_wind_speed_ms_lag4_lag300,2_wind_speed_ms_lag4_lag300,3_wind_speed_ms_lag4_lag300,4_wind_speed_ms_lag4_lag300,0_wind_lag4_lag300,1_wind_lag4_lag300,2_wind_lag4_lag300,3_wind_lag4_lag300,4_wind_lag4_lag300,0_wind_speed_ms_lag5_lag300,1_wind_speed_ms_lag5_lag300,2_wind_speed_ms_lag5_lag300,3_wind_speed_ms_lag5_lag300,4_wind_speed_ms_lag5_lag300,0_wind_lag5_lag300,1_wind_lag5_lag300,2_wind_lag5_lag300,3_wind_lag5_lag300,4_wind_lag5_lag300,0_wind_speed_ms_lag9_lag300,1_wind_speed_ms_lag9_lag300,2_wind_speed_ms_lag9_lag300,3_wind_speed_ms_lag9_lag300,4_wind_speed_ms_lag9_lag300,0_wind_lag9_lag300,1_wind_lag9_lag300,2_wind_lag9_lag300,3_wind_lag9_lag300,4_wind_lag9_lag300,0_wind_speed_ms_lag276_lag300,1_wind_speed_ms_lag276_lag300,2_wind_speed_ms_lag276_lag300,3_wind_speed_ms_lag276_lag300,4_wind_speed_ms_lag276_lag300,0_wind_lag276_lag300,1_wind_lag276_lag300,2_wind_lag276_lag300,3_wind_lag276_lag300,4_wind_lag276_lag300,Wind",300,91,20000,2,0.2,423.2943025,555.3950945,0.7400716
26889ef19b204672afb635d646778b5d,,,,unknown,FINISHED,cubist_tune,72,4,comb_data_rev8.RDS,"0_wind_speed_ms,0_temp_c,1_wind_speed_ms,1_temp_c,2_wind_speed_ms,3_wind_speed_ms,4_wind_speed_ms,8_temp_c,0_wind,1_wind,2_wind,3_wind,4_wind,0_wind_speed_ms_lag1,0_temp_c_lag1,1_wind_speed_ms_lag1,1_temp_c_lag1,2_wind_speed_ms_lag1,3_wind_speed_ms_lag1,4_wind_speed_ms_lag1,8_temp_c_lag1,0_wind_lag1,1_wind_lag1,2_wind_lag1,3_wind_lag1,4_wind_lag1,0_wind_speed_ms_lag2,0_temp_c_lag2,1_wind_speed_ms_lag2,1_temp_c_lag2,2_wind_speed_ms_lag2,3_wind_speed_ms_lag2,4_wind_speed_ms_lag2,8_temp_c_lag2,0_wind_lag2,1_wind_lag2,2_wind_lag2,3_wind_lag2,4_wind_lag2,0_wind_speed_ms_lag3,0_temp_c_lag3,1_wind_speed_ms_lag3,1_temp_c_lag3,2_wind_speed_ms_lag3,3_wind_speed_ms_lag3,4_wind_speed_ms_lag3,8_temp_c_lag3,0_wind_lag3,1_wind_lag3,2_wind_lag3,3_wind_lag3,4_wind_lag3,0_wind_speed_ms_lag4,0_temp_c_lag4,1_wind_speed_ms_lag4,1_temp_c_lag4,2_wind_speed_ms_lag4,3_wind_speed_ms_lag4,4_wind_speed_ms_lag4,8_temp_c_lag4,0_wind_lag4,1_wind_lag4,2_wind_lag4,3_wind_lag4,4_wind_lag4,0_wind_speed_ms_lag5,0_temp_c_lag5,1_wind_speed_ms_lag5,1_temp_c_lag5,2_wind_speed_ms_lag5,3_wind_speed_ms_lag5,4_wind_speed_ms_lag5,8_temp_c_lag5,0_wind_lag5,1_wind_lag5,2_wind_lag5,3_wind_lag5,4_wind_lag5,0_wind_speed_ms_lag9,0_temp_c_lag9,1_wind_speed_ms_lag9,1_temp_c_lag9,2_wind_speed_ms_lag9,3_wind_speed_ms_lag9,4_wind_speed_ms_lag9,8_temp_c_lag9,0_wind_lag9,1_wind_lag9,2_wind_lag9,3_wind_lag9,4_wind_lag9,0_wind_speed_ms_lag276,0_temp_c_lag276,1_wind_speed_ms_lag276,1_temp_c_lag276,2_wind_speed_ms_lag276,3_wind_speed_ms_lag276,3_temp_c_lag276,4_wind_speed_ms_lag276,8_temp_c_lag276,0_wind_lag276,1_wind_lag276,2_wind_lag276,3_wind_lag276,4_wind_lag276,Wind_lag300,0_wind_speed_ms_lag300,1_wind_speed_ms_lag300,2_wind_speed_ms_lag300,3_wind_speed_ms_lag300,4_wind_speed_ms_lag300,0_wind_lag300,1_wind_lag300,2_wind_lag300,3_wind_lag300,4_wind_lag300,0_wind_speed_ms_lag1_lag300,1_wind_speed_ms_lag1_lag300,2_wind_speed_ms_lag1_lag300,3_wind_speed_ms_lag1_lag300,4_wind_speed_ms_lag1_lag300,0_wind_lag1_lag300,1_wind_lag1_lag300,2_wind_lag1_lag300,3_wind_lag1_lag300,4_wind_lag1_lag300,0_wind_speed_ms_lag2_lag300,1_wind_speed_ms_lag2_lag300,2_wind_speed_ms_lag2_lag300,3_wind_speed_ms_lag2_lag300,4_wind_speed_ms_lag2_lag300,0_wind_lag2_lag300,1_wind_lag2_lag300,2_wind_lag2_lag300,3_wind_lag2_lag300,4_wind_lag2_lag300,0_wind_speed_ms_lag3_lag300,1_wind_speed_ms_lag3_lag300,2_wind_speed_ms_lag3_lag300,3_wind_speed_ms_lag3_lag300,4_wind_speed_ms_lag3_lag300,0_wind_lag3_lag300,1_wind_lag3_lag300,2_wind_lag3_lag300,3_wind_lag3_lag300,4_wind_lag3_lag300,0_wind_speed_ms_lag4_lag300,1_wind_speed_ms_lag4_lag300,2_wind_speed_ms_lag4_lag300,3_wind_speed_ms_lag4_lag300,4_wind_speed_ms_lag4_lag300,0_wind_lag4_lag300,1_wind_lag4_lag300,2_wind_lag4_lag300,3_wind_lag4_lag300,4_wind_lag4_lag300,0_wind_speed_ms_lag5_lag300,1_wind_speed_ms_lag5_lag300,2_wind_speed_ms_lag5_lag300,3_wind_speed_ms_lag5_lag300,4_wind_speed_ms_lag5_lag300,0_wind_lag5_lag300,1_wind_lag5_lag300,2_wind_lag5_lag300,3_wind_lag5_lag300,4_wind_lag5_lag300,0_wind_speed_ms_lag9_lag300,1_wind_speed_ms_lag9_lag300,2_wind_speed_ms_lag9_lag300,3_wind_speed_ms_lag9_lag300,4_wind_speed_ms_lag9_lag300,0_wind_lag9_lag300,1_wind_lag9_lag300,2_wind_lag9_lag300,3_wind_lag9_lag300,4_wind_lag9_lag300,0_wind_speed_ms_lag276_lag300,1_wind_speed_ms_lag276_lag300,2_wind_speed_ms_lag276_lag300,3_wind_speed_ms_lag276_lag300,4_wind_speed_ms_lag276_lag300,0_wind_lag276_lag300,1_wind_lag276_lag300,2_wind_lag276_lag300,3_wind_lag276_lag300,4_wind_lag276_lag300,Wind",300,510,20000,2,0.2,428.7777718,553.9544389,0.7422101
cf49252a512e43ab8a1c3f4f7ae21f7e,,,,unknown,FINISHED,cubist_tune,98,4,comb_data_rev8.RDS,"0_wind_speed_ms,0_temp_c,1_wind_speed_ms,1_temp_c,2_wind_speed_ms,3_wind_speed_ms,4_wind_speed_ms,8_temp_c,0_wind,1_wind,2_wind,3_wind,4_wind,0_wind_speed_ms_lag1,0_temp_c_lag1,1_wind_speed_ms_lag1,1_temp_c_lag1,2_wind_speed_ms_lag1,3_wind_speed_ms_lag1,4_wind_speed_ms_lag1,8_temp_c_lag1,0_wind_lag1,1_wind_lag1,2_wind_lag1,3_wind_lag1,4_wind_lag1,0_wind_speed_ms_lag2,0_temp_c_lag2,1_wind_speed_ms_lag2,1_temp_c_lag2,2_wind_speed_ms_lag2,3_wind_speed_ms_lag2,4_wind_speed_ms_lag2,8_temp_c_lag2,0_wind_lag2,1_wind_lag2,2_wind_lag2,3_wind_lag2,4_wind_lag2,0_wind_speed_ms_lag3,0_temp_c_lag3,1_wind_speed_ms_lag3,1_temp_c_lag3,2_wind_speed_ms_lag3,3_wind_speed_ms_lag3,4_wind_speed_ms_lag3,8_temp_c_lag3,0_wind_lag3,1_wind_lag3,2_wind_lag3,3_wind_lag3,4_wind_lag3,0_wind_speed_ms_lag4,0_temp_c_lag4,1_wind_speed_ms_lag4,1_temp_c_lag4,2_wind_speed_ms_lag4,3_wind_speed_ms_lag4,4_wind_speed_ms_lag4,8_temp_c_lag4,0_wind_lag4,1_wind_lag4,2_wind_lag4,3_wind_lag4,4_wind_lag4,0_wind_speed_ms_lag5,0_temp_c_lag5,1_wind_speed_ms_lag5,1_temp_c_lag5,2_wind_speed_ms_lag5,3_wind_speed_ms_lag5,4_wind_speed_ms_lag5,8_temp_c_lag5,0_wind_lag5,1_wind_lag5,2_wind_lag5,3_wind_lag5,4_wind_lag5,0_wind_speed_ms_lag9,0_temp_c_lag9,1_wind_speed_ms_lag9,1_temp_c_lag9,2_wind_speed_ms_lag9,3_wind_speed_ms_lag9,4_wind_speed_ms_lag9,8_temp_c_lag9,0_wind_lag9,1_wind_lag9,2_wind_lag9,3_wind_lag9,4_wind_lag9,0_wind_speed_ms_lag276,0_temp_c_lag276,1_wind_speed_ms_lag276,1_temp_c_lag276,2_wind_speed_ms_lag276,3_wind_speed_ms_lag276,3_temp_c_lag276,4_wind_speed_ms_lag276,8_temp_c_lag276,0_wind_lag276,1_wind_lag276,2_wind_lag276,3_wind_lag276,4_wind_lag276,Wind_lag300,0_wind_speed_ms_lag300,1_wind_speed_ms_lag300,2_wind_speed_ms_lag300,3_wind_speed_ms_lag300,4_wind_speed_ms_lag300,0_wind_lag300,1_wind_lag300,2_wind_lag300,3_wind_lag300,4_wind_lag300,0_wind_speed_ms_lag1_lag300,1_wind_speed_ms_lag1_lag300,2_wind_speed_ms_lag1_lag300,3_wind_speed_ms_lag1_lag300,4_wind_speed_ms_lag1_lag300,0_wind_lag1_lag300,1_wind_lag1_lag300,2_wind_lag1_lag300,3_wind_lag1_lag300,4_wind_lag1_lag300,0_wind_speed_ms_lag2_lag300,1_wind_speed_ms_lag2_lag300,2_wind_speed_ms_lag2_lag300,3_wind_speed_ms_lag2_lag300,4_wind_speed_ms_lag2_lag300,0_wind_lag2_lag300,1_wind_lag2_lag300,2_wind_lag2_lag300,3_wind_lag2_lag300,4_wind_lag2_lag300,0_wind_speed_ms_lag3_lag300,1_wind_speed_ms_lag3_lag300,2_wind_speed_ms_lag3_lag300,3_wind_speed_ms_lag3_lag300,4_wind_speed_ms_lag3_lag300,0_wind_lag3_lag300,1_wind_lag3_lag300,2_wind_lag3_lag300,3_wind_lag3_lag300,4_wind_lag3_lag300,0_wind_speed_ms_lag4_lag300,1_wind_speed_ms_lag4_lag300,2_wind_speed_ms_lag4_lag300,3_wind_speed_ms_lag4_lag300,4_wind_speed_ms_lag4_lag300,0_wind_lag4_lag300,1_wind_lag4_lag300,2_wind_lag4_lag300,3_wind_lag4_lag300,4_wind_lag4_lag300,0_wind_speed_ms_lag5_lag300,1_wind_speed_ms_lag5_lag300,2_wind_speed_ms_lag5_lag300,3_wind_speed_ms_lag5_lag300,4_wind_speed_ms_lag5_lag300,0_wind_lag5_lag300,1_wind_lag5_lag300,2_wind_lag5_lag300,3_wind_lag5_lag300,4_wind_lag5_lag300,0_wind_speed_ms_lag9_lag300,1_wind_speed_ms_lag9_lag300,2_wind_speed_ms_lag9_lag300,3_wind_speed_ms_lag9_lag300,4_wind_speed_ms_lag9_lag300,0_wind_lag9_lag300,1_wind_lag9_lag300,2_wind_lag9_lag300,3_wind_lag9_lag300,4_wind_lag9_lag300,0_wind_speed_ms_lag276_lag300,1_wind_speed_ms_lag276_lag300,2_wind_speed_ms_lag276_lag300,3_wind_speed_ms_lag276_lag300,4_wind_speed_ms_lag276_lag300,0_wind_lag276_lag300,1_wind_lag276_lag300,2_wind_lag276_lag300,3_wind_lag276_lag300,4_wind_lag276_lag300,Wind",300,530,20000,6,0.2,424.7100597,549.3723352,0.7460573
3afd748874954061938d4c41e2a27151,,,,unknown,FINISHED,cubist_tune,86,4,comb_data_rev8.RDS,"0_wind_speed_ms,0_temp_c,1_wind_speed_ms,1_temp_c,2_wind_speed_ms,3_wind_speed_ms,4_wind_speed_ms,8_temp_c,0_wind,1_wind,2_wind,3_wind,4_wind,0_wind_speed_ms_lag1,0_temp_c_lag1,1_wind_speed_ms_lag1,1_temp_c_lag1,2_wind_speed_ms_lag1,3_wind_speed_ms_lag1,4_wind_speed_ms_lag1,8_temp_c_lag1,0_wind_lag1,1_wind_lag1,2_wind_lag1,3_wind_lag1,4_wind_lag1,0_wind_speed_ms_lag2,0_temp_c_lag2,1_wind_speed_ms_lag2,1_temp_c_lag2,2_wind_speed_ms_lag2,3_wind_speed_ms_lag2,4_wind_speed_ms_lag2,8_temp_c_lag2,0_wind_lag2,1_wind_lag2,2_wind_lag2,3_wind_lag2,4_wind_lag2,0_wind_speed_ms_lag3,0_temp_c_lag3,1_wind_speed_ms_lag3,1_temp_c_lag3,2_wind_speed_ms_lag3,3_wind_speed_ms_lag3,4_wind_speed_ms_lag3,8_temp_c_lag3,0_wind_lag3,1_wind_lag3,2_wind_lag3,3_wind_lag3,4_wind_lag3,0_wind_speed_ms_lag4,0_temp_c_lag4,1_wind_speed_ms_lag4,1_temp_c_lag4,2_wind_speed_ms_lag4,3_wind_speed_ms_lag4,4_wind_speed_ms_lag4,8_temp_c_lag4,0_wind_lag4,1_wind_lag4,2_wind_lag4,3_wind_lag4,4_wind_lag4,0_wind_speed_ms_lag5,0_temp_c_lag5,1_wind_speed_ms_lag5,1_temp_c_lag5,2_wind_speed_ms_lag5,3_wind_speed_ms_lag5,4_wind_speed_ms_lag5,8_temp_c_lag5,0_wind_lag5,1_wind_lag5,2_wind_lag5,3_wind_lag5,4_wind_lag5,0_wind_speed_ms_lag9,0_temp_c_lag9,1_wind_speed_ms_lag9,1_temp_c_lag9,2_wind_speed_ms_lag9,3_wind_speed_ms_lag9,4_wind_speed_ms_lag9,8_temp_c_lag9,0_wind_lag9,1_wind_lag9,2_wind_lag9,3_wind_lag9,4_wind_lag9,0_wind_speed_ms_lag276,0_temp_c_lag276,1_wind_speed_ms_lag276,1_temp_c_lag276,2_wind_speed_ms_lag276,3_wind_speed_ms_lag276,3_temp_c_lag276,4_wind_speed_ms_lag276,8_temp_c_lag276,0_wind_lag276,1_wind_lag276,2_wind_lag276,3_wind_lag276,4_wind_lag276,Wind_lag300,0_wind_speed_ms_lag300,1_wind_speed_ms_lag300,2_wind_speed_ms_lag300,3_wind_speed_ms_lag300,4_wind_speed_ms_lag300,0_wind_lag300,1_wind_lag300,2_wind_lag300,3_wind_lag300,4_wind_lag300,0_wind_speed_ms_lag1_lag300,1_wind_speed_ms_lag1_lag300,2_wind_speed_ms_lag1_lag300,3_wind_speed_ms_lag1_lag300,4_wind_speed_ms_lag1_lag300,0_wind_lag1_lag300,1_wind_lag1_lag300,2_wind_lag1_lag300,3_wind_lag1_lag300,4_wind_lag1_lag300,0_wind_speed_ms_lag2_lag300,1_wind_speed_ms_lag2_lag300,2_wind_speed_ms_lag2_lag300,3_wind_speed_ms_lag2_lag300,4_wind_speed_ms_lag2_lag300,0_wind_lag2_lag300,1_wind_lag2_lag300,2_wind_lag2_lag300,3_wind_lag2_lag300,4_wind_lag2_lag300,0_wind_speed_ms_lag3_lag300,1_wind_speed_ms_lag3_lag300,2_wind_speed_ms_lag3_lag300,3_wind_speed_ms_lag3_lag300,4_wind_speed_ms_lag3_lag300,0_wind_lag3_lag300,1_wind_lag3_lag300,2_wind_lag3_lag300,3_wind_lag3_lag300,4_wind_lag3_lag300,0_wind_speed_ms_lag4_lag300,1_wind_speed_ms_lag4_lag300,2_wind_speed_ms_lag4_lag300,3_wind_speed_ms_lag4_lag300,4_wind_speed_ms_lag4_lag300,0_wind_lag4_lag300,1_wind_lag4_lag300,2_wind_lag4_lag300,3_wind_lag4_lag300,4_wind_lag4_lag300,0_wind_speed_ms_lag5_lag300,1_wind_speed_ms_lag5_lag300,2_wind_speed_ms_lag5_lag300,3_wind_speed_ms_lag5_lag300,4_wind_speed_ms_lag5_lag300,0_wind_lag5_lag300,1_wind_lag5_lag300,2_wind_lag5_lag300,3_wind_lag5_lag300,4_wind_lag5_lag300,0_wind_speed_ms_lag9_lag300,1_wind_speed_ms_lag9_lag300,2_wind_speed_ms_lag9_lag300,3_wind_speed_ms_lag9_lag300,4_wind_speed_ms_lag9_lag300,0_wind_lag9_lag300,1_wind_lag9_lag300,2_wind_lag9_lag300,3_wind_lag9_lag300,4_wind_lag9_lag300,0_wind_speed_ms_lag276_lag300,1_wind_speed_ms_lag276_lag300,2_wind_speed_ms_lag276_lag300,3_wind_speed_ms_lag276_lag300,4_wind_speed_ms_lag276_lag300,0_wind_lag276_lag300,1_wind_lag276_lag300,2_wind_lag276_lag300,3_wind_lag276_lag300,4_wind_lag276_lag300,Wind",300,169,20000,8,0.2,421.9037938,548.5958092,0.7409437
04fb88291de74a56a308db24034065cd,,,,unknown,FINISHED,cubist_tune,72,4,comb_data_rev8.RDS,"0_wind_speed_ms,0_temp_c,1_wind_speed_ms,1_temp_c,2_wind_speed_ms,3_wind_speed_ms,4_wind_speed_ms,8_temp_c,0_wind,1_wind,2_wind,3_wind,4_wind,0_wind_speed_ms_lag1,0_temp_c_lag1,1_wind_speed_ms_lag1,1_temp_c_lag1,2_wind_speed_ms_lag1,3_wind_speed_ms_lag1,4_wind_speed_ms_lag1,8_temp_c_lag1,0_wind_lag1,1_wind_lag1,2_wind_lag1,3_wind_lag1,4_wind_lag1,0_wind_speed_ms_lag2,0_temp_c_lag2,1_wind_speed_ms_lag2,1_temp_c_lag2,2_wind_speed_ms_lag2,3_wind_speed_ms_lag2,4_wind_speed_ms_lag2,8_temp_c_lag2,0_wind_lag2,1_wind_lag2,2_wind_lag2,3_wind_lag2,4_wind_lag2,0_wind_speed_ms_lag3,0_temp_c_lag3,1_wind_speed_ms_lag3,1_temp_c_lag3,2_wind_speed_ms_lag3,3_wind_speed_ms_lag3,4_wind_speed_ms_lag3,8_temp_c_lag3,0_wind_lag3,1_wind_lag3,2_wind_lag3,3_wind_lag3,4_wind_lag3,0_wind_speed_ms_lag4,0_temp_c_lag4,1_wind_speed_ms_lag4,1_temp_c_lag4,2_wind_speed_ms_lag4,3_wind_speed_ms_lag4,4_wind_speed_ms_lag4,8_temp_c_lag4,0_wind_lag4,1_wind_lag4,2_wind_lag4,3_wind_lag4,4_wind_lag4,0_wind_speed_ms_lag5,0_temp_c_lag5,1_wind_speed_ms_lag5,1_temp_c_lag5,2_wind_speed_ms_lag5,3_wind_speed_ms_lag5,4_wind_speed_ms_lag5,8_temp_c_lag5,0_wind_lag5,1_wind_lag5,2_wind_lag5,3_wind_lag5,4_wind_lag5,0_wind_speed_ms_lag9,0_temp_c_lag9,1_wind_speed_ms_lag9,1_temp_c_lag9,2_wind_speed_ms_lag9,3_wind_speed_ms_lag9,4_wind_speed_ms_lag9,8_temp_c_lag9,0_wind_lag9,1_wind_lag9,2_wind_lag9,3_wind_lag9,4_wind_lag9,0_wind_speed_ms_lag276,0_temp_c_lag276,1_wind_speed_ms_lag276,1_temp_c_lag276,2_wind_speed_ms_lag276,3_wind_speed_ms_lag276,3_temp_c_lag276,4_wind_speed_ms_lag276,8_temp_c_lag276,0_wind_lag276,1_wind_lag276,2_wind_lag276,3_wind_lag276,4_wind_lag276,Wind_lag300,0_wind_speed_ms_lag300,1_wind_speed_ms_lag300,2_wind_speed_ms_lag300,3_wind_speed_ms_lag300,4_wind_speed_ms_lag300,0_wind_lag300,1_wind_lag300,2_wind_lag300,3_wind_lag300,4_wind_lag300,0_wind_speed_ms_lag1_lag300,1_wind_speed_ms_lag1_lag300,2_wind_speed_ms_lag1_lag300,3_wind_speed_ms_lag1_lag300,4_wind_speed_ms_lag1_lag300,0_wind_lag1_lag300,1_wind_lag1_lag300,2_wind_lag1_lag300,3_wind_lag1_lag300,4_wind_lag1_lag300,0_wind_speed_ms_lag2_lag300,1_wind_speed_ms_lag2_lag300,2_wind_speed_ms_lag2_lag300,3_wind_speed_ms_lag2_lag300,4_wind_speed_ms_lag2_lag300,0_wind_lag2_lag300,1_wind_lag2_lag300,2_wind_lag2_lag300,3_wind_lag2_lag300,4_wind_lag2_lag300,0_wind_speed_ms_lag3_lag300,1_wind_speed_ms_lag3_lag300,2_wind_speed_ms_lag3_lag300,3_wind_speed_ms_lag3_lag300,4_wind_speed_ms_lag3_lag300,0_wind_lag3_lag300,1_wind_lag3_lag300,2_wind_lag3_lag300,3_wind_lag3_lag300,4_wind_lag3_lag300,0_wind_speed_ms_lag4_lag300,1_wind_speed_ms_lag4_lag300,2_wind_speed_ms_lag4_lag300,3_wind_speed_ms_lag4_lag300,4_wind_speed_ms_lag4_lag300,0_wind_lag4_lag300,1_wind_lag4_lag300,2_wind_lag4_lag300,3_wind_lag4_lag300,4_wind_lag4_lag300,0_wind_speed_ms_lag5_lag300,1_wind_speed_ms_lag5_lag300,2_wind_speed_ms_lag5_lag300,3_wind_speed_ms_lag5_lag300,4_wind_speed_ms_lag5_lag300,0_wind_lag5_lag300,1_wind_lag5_lag300,2_wind_lag5_lag300,3_wind_lag5_lag300,4_wind_lag5_lag300,0_wind_speed_ms_lag9_lag300,1_wind_speed_ms_lag9_lag300,2_wind_speed_ms_lag9_lag300,3_wind_speed_ms_lag9_lag300,4_wind_speed_ms_lag9_lag300,0_wind_lag9_lag300,1_wind_lag9_lag300,2_wind_lag9_lag300,3_wind_lag9_lag300,4_wind_lag9_lag300,0_wind_speed_ms_lag276_lag300,1_wind_speed_ms_lag276_lag300,2_wind_speed_ms_lag276_lag300,3_wind_speed_ms_lag276_lag300,4_wind_speed_ms_lag276_lag300,0_wind_lag276_lag300,1_wind_lag276_lag300,2_wind_lag276_lag300,3_wind_lag276_lag300,4_wind_lag276_lag300,Wind",300,316,20000,1,0.2,435.3391585,570.2808839,0.7213873
ad14e321b9f342e98a8136314135cfa0,,,,unknown,FINISHED,cubist_tune,69,4,comb_data_rev8.RDS,"0_wind_speed_ms,0_temp_c,1_wind_speed_ms,1_temp_c,2_wind_speed_ms,3_wind_speed_ms,4_wind_speed_ms,8_temp_c,0_wind,1_wind,2_wind,3_wind,4_wind,0_wind_speed_ms_lag1,0_temp_c_lag1,1_wind_speed_ms_lag1,1_temp_c_lag1,2_wind_speed_ms_lag1,3_wind_speed_ms_lag1,4_wind_speed_ms_lag1,8_temp_c_lag1,0_wind_lag1,1_wind_lag1,2_wind_lag1,3_wind_lag1,4_wind_lag1,0_wind_speed_ms_lag2,0_temp_c_lag2,1_wind_speed_ms_lag2,1_temp_c_lag2,2_wind_speed_ms_lag2,3_wind_speed_ms_lag2,4_wind_speed_ms_lag2,8_temp_c_lag2,0_wind_lag2,1_wind_lag2,2_wind_lag2,3_wind_lag2,4_wind_lag2,0_wind_speed_ms_lag3,0_temp_c_lag3,1_wind_speed_ms_lag3,1_temp_c_lag3,2_wind_speed_ms_lag3,3_wind_speed_ms_lag3,4_wind_speed_ms_lag3,8_temp_c_lag3,0_wind_lag3,1_wind_lag3,2_wind_lag3,3_wind_lag3,4_wind_lag3,0_wind_speed_ms_lag4,0_temp_c_lag4,1_wind_speed_ms_lag4,1_temp_c_lag4,2_wind_speed_ms_lag4,3_wind_speed_ms_lag4,4_wind_speed_ms_lag4,8_temp_c_lag4,0_wind_lag4,1_wind_lag4,2_wind_lag4,3_wind_lag4,4_wind_lag4,0_wind_speed_ms_lag5,0_temp_c_lag5,1_wind_speed_ms_lag5,1_temp_c_lag5,2_wind_speed_ms_lag5,3_wind_speed_ms_lag5,4_wind_speed_ms_lag5,8_temp_c_lag5,0_wind_lag5,1_wind_lag5,2_wind_lag5,3_wind_lag5,4_wind_lag5,0_wind_speed_ms_lag9,0_temp_c_lag9,1_wind_speed_ms_lag9,1_temp_c_lag9,2_wind_speed_ms_lag9,3_wind_speed_ms_lag9,4_wind_speed_ms_lag9,8_temp_c_lag9,0_wind_lag9,1_wind_lag9,2_wind_lag9,3_wind_lag9,4_wind_lag9,0_wind_speed_ms_lag276,0_temp_c_lag276,1_wind_speed_ms_lag276,1_temp_c_lag276,2_wind_speed_ms_lag276,3_wind_speed_ms_lag276,3_temp_c_lag276,4_wind_speed_ms_lag276,8_temp_c_lag276,0_wind_lag276,1_wind_lag276,2_wind_lag276,3_wind_lag276,4_wind_lag276,Wind_lag300,0_wind_speed_ms_lag300,1_wind_speed_ms_lag300,2_wind_speed_ms_lag300,3_wind_speed_ms_lag300,4_wind_speed_ms_lag300,0_wind_lag300,1_wind_lag300,2_wind_lag300,3_wind_lag300,4_wind_lag300,0_wind_speed_ms_lag1_lag300,1_wind_speed_ms_lag1_lag300,2_wind_speed_ms_lag1_lag300,3_wind_speed_ms_lag1_lag300,4_wind_speed_ms_lag1_lag300,0_wind_lag1_lag300,1_wind_lag1_lag300,2_wind_lag1_lag300,3_wind_lag1_lag300,4_wind_lag1_lag300,0_wind_speed_ms_lag2_lag300,1_wind_speed_ms_lag2_lag300,2_wind_speed_ms_lag2_lag300,3_wind_speed_ms_lag2_lag300,4_wind_speed_ms_lag2_lag300,0_wind_lag2_lag300,1_wind_lag2_lag300,2_wind_lag2_lag300,3_wind_lag2_lag300,4_wind_lag2_lag300,0_wind_speed_ms_lag3_lag300,1_wind_speed_ms_lag3_lag300,2_wind_speed_ms_lag3_lag300,3_wind_speed_ms_lag3_lag300,4_wind_speed_ms_lag3_lag300,0_wind_lag3_lag300,1_wind_lag3_lag300,2_wind_lag3_lag300,3_wind_lag3_lag300,4_wind_lag3_lag300,0_wind_speed_ms_lag4_lag300,1_wind_speed_ms_lag4_lag300,2_wind_speed_ms_lag4_lag300,3_wind_speed_ms_lag4_lag300,4_wind_speed_ms_lag4_lag300,0_wind_lag4_lag300,1_wind_lag4_lag300,2_wind_lag4_lag300,3_wind_lag4_lag300,4_wind_lag4_lag300,0_wind_speed_ms_lag5_lag300,1_wind_speed_ms_lag5_lag300,2_wind_speed_ms_lag5_lag300,3_wind_speed_ms_lag5_lag300,4_wind_speed_ms_lag5_lag300,0_wind_lag5_lag300,1_wind_lag5_lag300,2_wind_lag5_lag300,3_wind_lag5_lag300,4_wind_lag5_lag300,0_wind_speed_ms_lag9_lag300,1_wind_speed_ms_lag9_lag300,2_wind_speed_ms_lag9_lag300,3_wind_speed_ms_lag9_lag300,4_wind_speed_ms_lag9_lag300,0_wind_lag9_lag300,1_wind_lag9_lag300,2_wind_lag9_lag300,3_wind_lag9_lag300,4_wind_lag9_lag300,0_wind_speed_ms_lag276_lag300,1_wind_speed_ms_lag276_lag300,2_wind_speed_ms_lag276_lag300,3_wind_speed_ms_lag276_lag300,4_wind_speed_ms_lag276_lag300,0_wind_lag276_lag300,1_wind_lag276_lag300,2_wind_lag276_lag300,3_wind_lag276_lag300,4_wind_lag276_lag300,Wind",300,781,20000,2,0.2,429.535494,553.7824614,0.7423458
572ddfdf3c964dd3af41e5beb49d8ea8,,,,unknown,FINISHED,cubist_tune,52,4,comb_data_rev8.RDS,"0_wind_speed_ms,0_temp_c,1_wind_speed_ms,1_temp_c,2_wind_speed_ms,3_wind_speed_ms,4_wind_speed_ms,8_temp_c,0_wind,1_wind,2_wind,3_wind,4_wind,0_wind_speed_ms_lag1,0_temp_c_lag1,1_wind_speed_ms_lag1,1_temp_c_lag1,2_wind_speed_ms_lag1,3_wind_speed_ms_lag1,4_wind_speed_ms_lag1,8_temp_c_lag1,0_wind_lag1,1_wind_lag1,2_wind_lag1,3_wind_lag1,4_wind_lag1,0_wind_speed_ms_lag2,0_temp_c_lag2,1_wind_speed_ms_lag2,1_temp_c_lag2,2_wind_speed_ms_lag2,3_wind_speed_ms_lag2,4_wind_speed_ms_lag2,8_temp_c_lag2,0_wind_lag2,1_wind_lag2,2_wind_lag2,3_wind_lag2,4_wind_lag2,0_wind_speed_ms_lag3,0_temp_c_lag3,1_wind_speed_ms_lag3,1_temp_c_lag3,2_wind_speed_ms_lag3,3_wind_speed_ms_lag3,4_wind_speed_ms_lag3,8_temp_c_lag3,0_wind_lag3,1_wind_lag3,2_wind_lag3,3_wind_lag3,4_wind_lag3,0_wind_speed_ms_lag4,0_temp_c_lag4,1_wind_speed_ms_lag4,1_temp_c_lag4,2_wind_speed_ms_lag4,3_wind_speed_ms_lag4,4_wind_speed_ms_lag4,8_temp_c_lag4,0_wind_lag4,1_wind_lag4,2_wind_lag4,3_wind_lag4,4_wind_lag4,0_wind_speed_ms_lag5,0_temp_c_lag5,1_wind_speed_ms_lag5,1_temp_c_lag5,2_wind_speed_ms_lag5,3_wind_speed_ms_lag5,4_wind_speed_ms_lag5,8_temp_c_lag5,0_wind_lag5,1_wind_lag5,2_wind_lag5,3_wind_lag5,4_wind_lag5,0_wind_speed_ms_lag9,0_temp_c_lag9,1_wind_speed_ms_lag9,1_temp_c_lag9,2_wind_speed_ms_lag9,3_wind_speed_ms_lag9,4_wind_speed_ms_lag9,8_temp_c_lag9,0_wind_lag9,1_wind_lag9,2_wind_lag9,3_wind_lag9,4_wind_lag9,0_wind_speed_ms_lag276,0_temp_c_lag276,1_wind_speed_ms_lag276,1_temp_c_lag276,2_wind_speed_ms_lag276,3_wind_speed_ms_lag276,3_temp_c_lag276,4_wind_speed_ms_lag276,8_temp_c_lag276,0_wind_lag276,1_wind_lag276,2_wind_lag276,3_wind_lag276,4_wind_lag276,Wind_lag300,0_wind_speed_ms_lag300,1_wind_speed_ms_lag300,2_wind_speed_ms_lag300,3_wind_speed_ms_lag300,4_wind_speed_ms_lag300,0_wind_lag300,1_wind_lag300,2_wind_lag300,3_wind_lag300,4_wind_lag300,0_wind_speed_ms_lag1_lag300,1_wind_speed_ms_lag1_lag300,2_wind_speed_ms_lag1_lag300,3_wind_speed_ms_lag1_lag300,4_wind_speed_ms_lag1_lag300,0_wind_lag1_lag300,1_wind_lag1_lag300,2_wind_lag1_lag300,3_wind_lag1_lag300,4_wind_lag1_lag300,0_wind_speed_ms_lag2_lag300,1_wind_speed_ms_lag2_lag300,2_wind_speed_ms_lag2_lag300,3_wind_speed_ms_lag2_lag300,4_wind_speed_ms_lag2_lag300,0_wind_lag2_lag300,1_wind_lag2_lag300,2_wind_lag2_lag300,3_wind_lag2_lag300,4_wind_lag2_lag300,0_wind_speed_ms_lag3_lag300,1_wind_speed_ms_lag3_lag300,2_wind_speed_ms_lag3_lag300,3_wind_speed_ms_lag3_lag300,4_wind_speed_ms_lag3_lag300,0_wind_lag3_lag300,1_wind_lag3_lag300,2_wind_lag3_lag300,3_wind_lag3_lag300,4_wind_lag3_lag300,0_wind_speed_ms_lag4_lag300,1_wind_speed_ms_lag4_lag300,2_wind_speed_ms_lag4_lag300,3_wind_speed_ms_lag4_lag300,4_wind_speed_ms_lag4_lag300,0_wind_lag4_lag300,1_wind_lag4_lag300,2_wind_lag4_lag300,3_wind_lag4_lag300,4_wind_lag4_lag300,0_wind_speed_ms_lag5_lag300,1_wind_speed_ms_lag5_lag300,2_wind_speed_ms_lag5_lag300,3_wind_speed_ms_lag5_lag300,4_wind_speed_ms_lag5_lag300,0_wind_lag5_lag300,1_wind_lag5_lag300,2_wind_lag5_lag300,3_wind_lag5_lag300,4_wind_lag5_lag300,0_wind_speed_ms_lag9_lag300,1_wind_speed_ms_lag9_lag300,2_wind_speed_ms_lag9_lag300,3_wind_speed_ms_lag9_lag300,4_wind_speed_ms_lag9_lag300,0_wind_lag9_lag300,1_wind_lag9_lag300,2_wind_lag9_lag300,3_wind_lag9_lag300,4_wind_lag9_lag300,0_wind_speed_ms_lag276_lag300,1_wind_speed_ms_lag276_lag300,2_wind_speed_ms_lag276_lag300,3_wind_speed_ms_lag276_lag300,4_wind_speed_ms_lag276_lag300,0_wind_lag276_lag300,1_wind_lag276_lag300,2_wind_lag276_lag300,3_wind_lag276_lag300,4_wind_lag276_lag300,Wind",300,77,20000,1,0.2,441.55469,571.333294,0.732549
489b171bd13f409e9db24d04e7b9eac1,,,,unknown,FINISHED,cubist_tune,47,4,comb_data_rev8.RDS,"0_wind_speed_ms,0_temp_c,1_wind_speed_ms,1_temp_c,2_wind_speed_ms,3_wind_speed_ms,4_wind_speed_ms,8_temp_c,0_wind,1_wind,2_wind,3_wind,4_wind,0_wind_speed_ms_lag1,0_temp_c_lag1,1_wind_speed_ms_lag1,1_temp_c_lag1,2_wind_speed_ms_lag1,3_wind_speed_ms_lag1,4_wind_speed_ms_lag1,8_temp_c_lag1,0_wind_lag1,1_wind_lag1,2_wind_lag1,3_wind_lag1,4_wind_lag1,0_wind_speed_ms_lag2,0_temp_c_lag2,1_wind_speed_ms_lag2,1_temp_c_lag2,2_wind_speed_ms_lag2,3_wind_speed_ms_lag2,4_wind_speed_ms_lag2,8_temp_c_lag2,0_wind_lag2,1_wind_lag2,2_wind_lag2,3_wind_lag2,4_wind_lag2,0_wind_speed_ms_lag3,0_temp_c_lag3,1_wind_speed_ms_lag3,1_temp_c_lag3,2_wind_speed_ms_lag3,3_wind_speed_ms_lag3,4_wind_speed_ms_lag3,8_temp_c_lag3,0_wind_lag3,1_wind_lag3,2_wind_lag3,3_wind_lag3,4_wind_lag3,0_wind_speed_ms_lag4,0_temp_c_lag4,1_wind_speed_ms_lag4,1_temp_c_lag4,2_wind_speed_ms_lag4,3_wind_speed_ms_lag4,4_wind_speed_ms_lag4,8_temp_c_lag4,0_wind_lag4,1_wind_lag4,2_wind_lag4,3_wind_lag4,4_wind_lag4,0_wind_speed_ms_lag5,0_temp_c_lag5,1_wind_speed_ms_lag5,1_temp_c_lag5,2_wind_speed_ms_lag5,3_wind_speed_ms_lag5,4_wind_speed_ms_lag5,8_temp_c_lag5,0_wind_lag5,1_wind_lag5,2_wind_lag5,3_wind_lag5,4_wind_lag5,0_wind_speed_ms_lag9,0_temp_c_lag9,1_wind_speed_ms_lag9,1_temp_c_lag9,2_wind_speed_ms_lag9,3_wind_speed_ms_lag9,4_wind_speed_ms_lag9,8_temp_c_lag9,0_wind_lag9,1_wind_lag9,2_wind_lag9,3_wind_lag9,4_wind_lag9,0_wind_speed_ms_lag276,0_temp_c_lag276,1_wind_speed_ms_lag276,1_temp_c_lag276,2_wind_speed_ms_lag276,3_wind_speed_ms_lag276,3_temp_c_lag276,4_wind_speed_ms_lag276,8_temp_c_lag276,0_wind_lag276,1_wind_lag276,2_wind_lag276,3_wind_lag276,4_wind_lag276,Wind_lag300,0_wind_speed_ms_lag300,1_wind_speed_ms_lag300,2_wind_speed_ms_lag300,3_wind_speed_ms_lag300,4_wind_speed_ms_lag300,0_wind_lag300,1_wind_lag300,2_wind_lag300,3_wind_lag300,4_wind_lag300,0_wind_speed_ms_lag1_lag300,1_wind_speed_ms_lag1_lag300,2_wind_speed_ms_lag1_lag300,3_wind_speed_ms_lag1_lag300,4_wind_speed_ms_lag1_lag300,0_wind_lag1_lag300,1_wind_lag1_lag300,2_wind_lag1_lag300,3_wind_lag1_lag300,4_wind_lag1_lag300,0_wind_speed_ms_lag2_lag300,1_wind_speed_ms_lag2_lag300,2_wind_speed_ms_lag2_lag300,3_wind_speed_ms_lag2_lag300,4_wind_speed_ms_lag2_lag300,0_wind_lag2_lag300,1_wind_lag2_lag300,2_wind_lag2_lag300,3_wind_lag2_lag300,4_wind_lag2_lag300,0_wind_speed_ms_lag3_lag300,1_wind_speed_ms_lag3_lag300,2_wind_speed_ms_lag3_lag300,3_wind_speed_ms_lag3_lag300,4_wind_speed_ms_lag3_lag300,0_wind_lag3_lag300,1_wind_lag3_lag300,2_wind_lag3_lag300,3_wind_lag3_lag300,4_wind_lag3_lag300,0_wind_speed_ms_lag4_lag300,1_wind_speed_ms_lag4_lag300,2_wind_speed_ms_lag4_lag300,3_wind_speed_ms_lag4_lag300,4_wind_speed_ms_lag4_lag300,0_wind_lag4_lag300,1_wind_lag4_lag300,2_wind_lag4_lag300,3_wind_lag4_lag300,4_wind_lag4_lag300,0_wind_speed_ms_lag5_lag300,1_wind_speed_ms_lag5_lag300,2_wind_speed_ms_lag5_lag300,3_wind_speed_ms_lag5_lag300,4_wind_speed_ms_lag5_lag300,0_wind_lag5_lag300,1_wind_lag5_lag300,2_wind_lag5_lag300,3_wind_lag5_lag300,4_wind_lag5_lag300,0_wind_speed_ms_lag9_lag300,1_wind_speed_ms_lag9_lag300,2_wind_speed_ms_lag9_lag300,3_wind_speed_ms_lag9_lag300,4_wind_speed_ms_lag9_lag300,0_wind_lag9_lag300,1_wind_lag9_lag300,2_wind_lag9_lag300,3_wind_lag9_lag300,4_wind_lag9_lag300,0_wind_speed_ms_lag276_lag300,1_wind_speed_ms_lag276_lag300,2_wind_speed_ms_lag276_lag300,3_wind_speed_ms_lag276_lag300,4_wind_speed_ms_lag276_lag300,0_wind_lag276_lag300,1_wind_lag276_lag300,2_wind_lag276_lag300,3_wind_lag276_lag300,4_wind_lag276_lag300,Wind",300,680,20000,5,0.2,436.236288,562.212421,0.732802
f3361bf42f39455ab77f750a84aeae58,,,,unknown,FINISHED,cubist_tune,37,4,comb_data_rev8.RDS,"0_wind_speed_ms,0_temp_c,1_wind_speed_ms,1_temp_c,2_wind_speed_ms,3_wind_speed_ms,4_wind_speed_ms,8_temp_c,0_wind,1_wind,2_wind,3_wind,4_wind,0_wind_speed_ms_lag1,0_temp_c_lag1,1_wind_speed_ms_lag1,1_temp_c_lag1,2_wind_speed_ms_lag1,3_wind_speed_ms_lag1,4_wind_speed_ms_lag1,8_temp_c_lag1,0_wind_lag1,1_wind_lag1,2_wind_lag1,3_wind_lag1,4_wind_lag1,0_wind_speed_ms_lag2,0_temp_c_lag2,1_wind_speed_ms_lag2,1_temp_c_lag2,2_wind_speed_ms_lag2,3_wind_speed_ms_lag2,4_wind_speed_ms_lag2,8_temp_c_lag2,0_wind_lag2,1_wind_lag2,2_wind_lag2,3_wind_lag2,4_wind_lag2,0_wind_speed_ms_lag3,0_temp_c_lag3,1_wind_speed_ms_lag3,1_temp_c_lag3,2_wind_speed_ms_lag3,3_wind_speed_ms_lag3,4_wind_speed_ms_lag3,8_temp_c_lag3,0_wind_lag3,1_wind_lag3,2_wind_lag3,3_wind_lag3,4_wind_lag3,0_wind_speed_ms_lag4,0_temp_c_lag4,1_wind_speed_ms_lag4,1_temp_c_lag4,2_wind_speed_ms_lag4,3_wind_speed_ms_lag4,4_wind_speed_ms_lag4,8_temp_c_lag4,0_wind_lag4,1_wind_lag4,2_wind_lag4,3_wind_lag4,4_wind_lag4,0_wind_speed_ms_lag5,0_temp_c_lag5,1_wind_speed_ms_lag5,1_temp_c_lag5,2_wind_speed_ms_lag5,3_wind_speed_ms_lag5,4_wind_speed_ms_lag5,8_temp_c_lag5,0_wind_lag5,1_wind_lag5,2_wind_lag5,3_wind_lag5,4_wind_lag5,0_wind_speed_ms_lag9,0_temp_c_lag9,1_wind_speed_ms_lag9,1_temp_c_lag9,2_wind_speed_ms_lag9,3_wind_speed_ms_lag9,4_wind_speed_ms_lag9,8_temp_c_lag9,0_wind_lag9,1_wind_lag9,2_wind_lag9,3_wind_lag9,4_wind_lag9,0_wind_speed_ms_lag276,0_temp_c_lag276,1_wind_speed_ms_lag276,1_temp_c_lag276,2_wind_speed_ms_lag276,3_wind_speed_ms_lag276,3_temp_c_lag276,4_wind_speed_ms_lag276,8_temp_c_lag276,0_wind_lag276,1_wind_lag276,2_wind_lag276,3_wind_lag276,4_wind_lag276,Wind_lag300,0_wind_speed_ms_lag300,1_wind_speed_ms_lag300,2_wind_speed_ms_lag300,3_wind_speed_ms_lag300,4_wind_speed_ms_lag300,0_wind_lag300,1_wind_lag300,2_wind_lag300,3_wind_lag300,4_wind_lag300,0_wind_speed_ms_lag1_lag300,1_wind_speed_ms_lag1_lag300,2_wind_speed_ms_lag1_lag300,3_wind_speed_ms_lag1_lag300,4_wind_speed_ms_lag1_lag300,0_wind_lag1_lag300,1_wind_lag1_lag300,2_wind_lag1_lag300,3_wind_lag1_lag300,4_wind_lag1_lag300,0_wind_speed_ms_lag2_lag300,1_wind_speed_ms_lag2_lag300,2_wind_speed_ms_lag2_lag300,3_wind_speed_ms_lag2_lag300,4_wind_speed_ms_lag2_lag300,0_wind_lag2_lag300,1_wind_lag2_lag300,2_wind_lag2_lag300,3_wind_lag2_lag300,4_wind_lag2_lag300,0_wind_speed_ms_lag3_lag300,1_wind_speed_ms_lag3_lag300,2_wind_speed_ms_lag3_lag300,3_wind_speed_ms_lag3_lag300,4_wind_speed_ms_lag3_lag300,0_wind_lag3_lag300,1_wind_lag3_lag300,2_wind_lag3_lag300,3_wind_lag3_lag300,4_wind_lag3_lag300,0_wind_speed_ms_lag4_lag300,1_wind_speed_ms_lag4_lag300,2_wind_speed_ms_lag4_lag300,3_wind_speed_ms_lag4_lag300,4_wind_speed_ms_lag4_lag300,0_wind_lag4_lag300,1_wind_lag4_lag300,2_wind_lag4_lag300,3_wind_lag4_lag300,4_wind_lag4_lag300,0_wind_speed_ms_lag5_lag300,1_wind_speed_ms_lag5_lag300,2_wind_speed_ms_lag5_lag300,3_wind_speed_ms_lag5_lag300,4_wind_speed_ms_lag5_lag300,0_wind_lag5_lag300,1_wind_lag5_lag300,2_wind_lag5_lag300,3_wind_lag5_lag300,4_wind_lag5_lag300,0_wind_speed_ms_lag9_lag300,1_wind_speed_ms_lag9_lag300,2_wind_speed_ms_lag9_lag300,3_wind_speed_ms_lag9_lag300,4_wind_speed_ms_lag9_lag300,0_wind_lag9_lag300,1_wind_lag9_lag300,2_wind_lag9_lag300,3_wind_lag9_lag300,4_wind_lag9_lag300,0_wind_speed_ms_lag276_lag300,1_wind_speed_ms_lag276_lag300,2_wind_speed_ms_lag276_lag300,3_wind_speed_ms_lag276_lag300,4_wind_speed_ms_lag276_lag300,0_wind_lag276_lag300,1_wind_lag276_lag300,2_wind_lag276_lag300,3_wind_lag276_lag300,4_wind_lag276_lag300,Wind",300,592,20000,9,0.2,440.0136278,566.3407533,0.7290075
2f7d66c435af4fb8a4ec58ac17bbc0ad,,,,unknown,FINISHED,cubist_tune,23,4,comb_data_rev8.RDS,"0_wind_speed_ms,0_temp_c,1_wind_speed_ms,1_temp_c,2_wind_speed_ms,3_wind_speed_ms,4_wind_speed_ms,8_temp_c,0_wind,1_wind,2_wind,3_wind,4_wind,0_wind_speed_ms_lag1,0_temp_c_lag1,1_wind_speed_ms_lag1,1_temp_c_lag1,2_wind_speed_ms_lag1,3_wind_speed_ms_lag1,4_wind_speed_ms_lag1,8_temp_c_lag1,0_wind_lag1,1_wind_lag1,2_wind_lag1,3_wind_lag1,4_wind_lag1,0_wind_speed_ms_lag2,0_temp_c_lag2,1_wind_speed_ms_lag2,1_temp_c_lag2,2_wind_speed_ms_lag2,3_wind_speed_ms_lag2,4_wind_speed_ms_lag2,8_temp_c_lag2,0_wind_lag2,1_wind_lag2,2_wind_lag2,3_wind_lag2,4_wind_lag2,0_wind_speed_ms_lag3,0_temp_c_lag3,1_wind_speed_ms_lag3,1_temp_c_lag3,2_wind_speed_ms_lag3,3_wind_speed_ms_lag3,4_wind_speed_ms_lag3,8_temp_c_lag3,0_wind_lag3,1_wind_lag3,2_wind_lag3,3_wind_lag3,4_wind_lag3,0_wind_speed_ms_lag4,0_temp_c_lag4,1_wind_speed_ms_lag4,1_temp_c_lag4,2_wind_speed_ms_lag4,3_wind_speed_ms_lag4,4_wind_speed_ms_lag4,8_temp_c_lag4,0_wind_lag4,1_wind_lag4,2_wind_lag4,3_wind_lag4,4_wind_lag4,0_wind_speed_ms_lag5,0_temp_c_lag5,1_wind_speed_ms_lag5,1_temp_c_lag5,2_wind_speed_ms_lag5,3_wind_speed_ms_lag5,4_wind_speed_ms_lag5,8_temp_c_lag5,0_wind_lag5,1_wind_lag5,2_wind_lag5,3_wind_lag5,4_wind_lag5,0_wind_speed_ms_lag9,0_temp_c_lag9,1_wind_speed_ms_lag9,1_temp_c_lag9,2_wind_speed_ms_lag9,3_wind_speed_ms_lag9,4_wind_speed_ms_lag9,8_temp_c_lag9,0_wind_lag9,1_wind_lag9,2_wind_lag9,3_wind_lag9,4_wind_lag9,0_wind_speed_ms_lag276,0_temp_c_lag276,1_wind_speed_ms_lag276,1_temp_c_lag276,2_wind_speed_ms_lag276,3_wind_speed_ms_lag276,3_temp_c_lag276,4_wind_speed_ms_lag276,8_temp_c_lag276,0_wind_lag276,1_wind_lag276,2_wind_lag276,3_wind_lag276,4_wind_lag276,Wind_lag300,0_wind_speed_ms_lag300,1_wind_speed_ms_lag300,2_wind_speed_ms_lag300,3_wind_speed_ms_lag300,4_wind_speed_ms_lag300,0_wind_lag300,1_wind_lag300,2_wind_lag300,3_wind_lag300,4_wind_lag300,0_wind_speed_ms_lag1_lag300,1_wind_speed_ms_lag1_lag300,2_wind_speed_ms_lag1_lag300,3_wind_speed_ms_lag1_lag300,4_wind_speed_ms_lag1_lag300,0_wind_lag1_lag300,1_wind_lag1_lag300,2_wind_lag1_lag300,3_wind_lag1_lag300,4_wind_lag1_lag300,0_wind_speed_ms_lag2_lag300,1_wind_speed_ms_lag2_lag300,2_wind_speed_ms_lag2_lag300,3_wind_speed_ms_lag2_lag300,4_wind_speed_ms_lag2_lag300,0_wind_lag2_lag300,1_wind_lag2_lag300,2_wind_lag2_lag300,3_wind_lag2_lag300,4_wind_lag2_lag300,0_wind_speed_ms_lag3_lag300,1_wind_speed_ms_lag3_lag300,2_wind_speed_ms_lag3_lag300,3_wind_speed_ms_lag3_lag300,4_wind_speed_ms_lag3_lag300,0_wind_lag3_lag300,1_wind_lag3_lag300,2_wind_lag3_lag300,3_wind_lag3_lag300,4_wind_lag3_lag300,0_wind_speed_ms_lag4_lag300,1_wind_speed_ms_lag4_lag300,2_wind_speed_ms_lag4_lag300,3_wind_speed_ms_lag4_lag300,4_wind_speed_ms_lag4_lag300,0_wind_lag4_lag300,1_wind_lag4_lag300,2_wind_lag4_lag300,3_wind_lag4_lag300,4_wind_lag4_lag300,0_wind_speed_ms_lag5_lag300,1_wind_speed_ms_lag5_lag300,2_wind_speed_ms_lag5_lag300,3_wind_speed_ms_lag5_lag300,4_wind_speed_ms_lag5_lag300,0_wind_lag5_lag300,1_wind_lag5_lag300,2_wind_lag5_lag300,3_wind_lag5_lag300,4_wind_lag5_lag300,0_wind_speed_ms_lag9_lag300,1_wind_speed_ms_lag9_lag300,2_wind_speed_ms_lag9_lag300,3_wind_speed_ms_lag9_lag300,4_wind_speed_ms_lag9_lag300,0_wind_lag9_lag300,1_wind_lag9_lag300,2_wind_lag9_lag300,3_wind_lag9_lag300,4_wind_lag9_lag300,0_wind_speed_ms_lag276_lag300,1_wind_speed_ms_lag276_lag300,2_wind_speed_ms_lag276_lag300,3_wind_speed_ms_lag276_lag300,4_wind_speed_ms_lag276_lag300,0_wind_lag276_lag300,1_wind_lag276_lag300,2_wind_lag276_lag300,3_wind_lag276_lag300,4_wind_lag276_lag300,Wind",300,157,20000,6,0.2,467.1309823,604.8902498,0.6954035
59b8c104e0e342a2b6bde0d6033a4423,,,,unknown,FINISHED,cubist_tune,21,4,comb_data_rev8.RDS,"0_wind_speed_ms,0_temp_c,1_wind_speed_ms,1_temp_c,2_wind_speed_ms,3_wind_speed_ms,4_wind_speed_ms,8_temp_c,0_wind,1_wind,2_wind,3_wind,4_wind,0_wind_speed_ms_lag1,0_temp_c_lag1,1_wind_speed_ms_lag1,1_temp_c_lag1,2_wind_speed_ms_lag1,3_wind_speed_ms_lag1,4_wind_speed_ms_lag1,8_temp_c_lag1,0_wind_lag1,1_wind_lag1,2_wind_lag1,3_wind_lag1,4_wind_lag1,0_wind_speed_ms_lag2,0_temp_c_lag2,1_wind_speed_ms_lag2,1_temp_c_lag2,2_wind_speed_ms_lag2,3_wind_speed_ms_lag2,4_wind_speed_ms_lag2,8_temp_c_lag2,0_wind_lag2,1_wind_lag2,2_wind_lag2,3_wind_lag2,4_wind_lag2,0_wind_speed_ms_lag3,0_temp_c_lag3,1_wind_speed_ms_lag3,1_temp_c_lag3,2_wind_speed_ms_lag3,3_wind_speed_ms_lag3,4_wind_speed_ms_lag3,8_temp_c_lag3,0_wind_lag3,1_wind_lag3,2_wind_lag3,3_wind_lag3,4_wind_lag3,0_wind_speed_ms_lag4,0_temp_c_lag4,1_wind_speed_ms_lag4,1_temp_c_lag4,2_wind_speed_ms_lag4,3_wind_speed_ms_lag4,4_wind_speed_ms_lag4,8_temp_c_lag4,0_wind_lag4,1_wind_lag4,2_wind_lag4,3_wind_lag4,4_wind_lag4,0_wind_speed_ms_lag5,0_temp_c_lag5,1_wind_speed_ms_lag5,1_temp_c_lag5,2_wind_speed_ms_lag5,3_wind_speed_ms_lag5,4_wind_speed_ms_lag5,8_temp_c_lag5,0_wind_lag5,1_wind_lag5,2_wind_lag5,3_wind_lag5,4_wind_lag5,0_wind_speed_ms_lag9,0_temp_c_lag9,1_wind_speed_ms_lag9,1_temp_c_lag9,2_wind_speed_ms_lag9,3_wind_speed_ms_lag9,4_wind_speed_ms_lag9,8_temp_c_lag9,0_wind_lag9,1_wind_lag9,2_wind_lag9,3_wind_lag9,4_wind_lag9,0_wind_speed_ms_lag276,0_temp_c_lag276,1_wind_speed_ms_lag276,1_temp_c_lag276,2_wind_speed_ms_lag276,3_wind_speed_ms_lag276,3_temp_c_lag276,4_wind_speed_ms_lag276,8_temp_c_lag276,0_wind_lag276,1_wind_lag276,2_wind_lag276,3_wind_lag276,4_wind_lag276,Wind_lag300,0_wind_speed_ms_lag300,1_wind_speed_ms_lag300,2_wind_speed_ms_lag300,3_wind_speed_ms_lag300,4_wind_speed_ms_lag300,0_wind_lag300,1_wind_lag300,2_wind_lag300,3_wind_lag300,4_wind_lag300,0_wind_speed_ms_lag1_lag300,1_wind_speed_ms_lag1_lag300,2_wind_speed_ms_lag1_lag300,3_wind_speed_ms_lag1_lag300,4_wind_speed_ms_lag1_lag300,0_wind_lag1_lag300,1_wind_lag1_lag300,2_wind_lag1_lag300,3_wind_lag1_lag300,4_wind_lag1_lag300,0_wind_speed_ms_lag2_lag300,1_wind_speed_ms_lag2_lag300,2_wind_speed_ms_lag2_lag300,3_wind_speed_ms_lag2_lag300,4_wind_speed_ms_lag2_lag300,0_wind_lag2_lag300,1_wind_lag2_lag300,2_wind_lag2_lag300,3_wind_lag2_lag300,4_wind_lag2_lag300,0_wind_speed_ms_lag3_lag300,1_wind_speed_ms_lag3_lag300,2_wind_speed_ms_lag3_lag300,3_wind_speed_ms_lag3_lag300,4_wind_speed_ms_lag3_lag300,0_wind_lag3_lag300,1_wind_lag3_lag300,2_wind_lag3_lag300,3_wind_lag3_lag300,4_wind_lag3_lag300,0_wind_speed_ms_lag4_lag300,1_wind_speed_ms_lag4_lag300,2_wind_speed_ms_lag4_lag300,3_wind_speed_ms_lag4_lag300,4_wind_speed_ms_lag4_lag300,0_wind_lag4_lag300,1_wind_lag4_lag300,2_wind_lag4_lag300,3_wind_lag4_lag300,4_wind_lag4_lag300,0_wind_speed_ms_lag5_lag300,1_wind_speed_ms_lag5_lag300,2_wind_speed_ms_lag5_lag300,3_wind_speed_ms_lag5_lag300,4_wind_speed_ms_lag5_lag300,0_wind_lag5_lag300,1_wind_lag5_lag300,2_wind_lag5_lag300,3_wind_lag5_lag300,4_wind_lag5_lag300,0_wind_speed_ms_lag9_lag300,1_wind_speed_ms_lag9_lag300,2_wind_speed_ms_lag9_lag300,3_wind_speed_ms_lag9_lag300,4_wind_speed_ms_lag9_lag300,0_wind_lag9_lag300,1_wind_lag9_lag300,2_wind_lag9_lag300,3_wind_lag9_lag300,4_wind_lag9_lag300,0_wind_speed_ms_lag276_lag300,1_wind_speed_ms_lag276_lag300,2_wind_speed_ms_lag276_lag300,3_wind_speed_ms_lag276_lag300,4_wind_speed_ms_lag276_lag300,0_wind_lag276_lag300,1_wind_lag276_lag300,2_wind_lag276_lag300,3_wind_lag276_lag300,4_wind_lag276_lag300,Wind",300,440,20000,4,0.2,469.4469502,609.0558732,0.6861137
e8ece02dcc094581867532ec4f6e68ce,,,,unknown,FINISHED,cubist_tune,10,4,comb_data_rev8.RDS,"0_wind_speed_ms,0_temp_c,1_wind_speed_ms,1_temp_c,2_wind_speed_ms,3_wind_speed_ms,4_wind_speed_ms,8_temp_c,0_wind,1_wind,2_wind,3_wind,4_wind,0_wind_speed_ms_lag1,0_temp_c_lag1,1_wind_speed_ms_lag1,1_temp_c_lag1,2_wind_speed_ms_lag1,3_wind_speed_ms_lag1,4_wind_speed_ms_lag1,8_temp_c_lag1,0_wind_lag1,1_wind_lag1,2_wind_lag1,3_wind_lag1,4_wind_lag1,0_wind_speed_ms_lag2,0_temp_c_lag2,1_wind_speed_ms_lag2,1_temp_c_lag2,2_wind_speed_ms_lag2,3_wind_speed_ms_lag2,4_wind_speed_ms_lag2,8_temp_c_lag2,0_wind_lag2,1_wind_lag2,2_wind_lag2,3_wind_lag2,4_wind_lag2,0_wind_speed_ms_lag3,0_temp_c_lag3,1_wind_speed_ms_lag3,1_temp_c_lag3,2_wind_speed_ms_lag3,3_wind_speed_ms_lag3,4_wind_speed_ms_lag3,8_temp_c_lag3,0_wind_lag3,1_wind_lag3,2_wind_lag3,3_wind_lag3,4_wind_lag3,0_wind_speed_ms_lag4,0_temp_c_lag4,1_wind_speed_ms_lag4,1_temp_c_lag4,2_wind_speed_ms_lag4,3_wind_speed_ms_lag4,4_wind_speed_ms_lag4,8_temp_c_lag4,0_wind_lag4,1_wind_lag4,2_wind_lag4,3_wind_lag4,4_wind_lag4,0_wind_speed_ms_lag5,0_temp_c_lag5,1_wind_speed_ms_lag5,1_temp_c_lag5,2_wind_speed_ms_lag5,3_wind_speed_ms_lag5,4_wind_speed_ms_lag5,8_temp_c_lag5,0_wind_lag5,1_wind_lag5,2_wind_lag5,3_wind_lag5,4_wind_lag5,0_wind_speed_ms_lag9,0_temp_c_lag9,1_wind_speed_ms_lag9,1_temp_c_lag9,2_wind_speed_ms_lag9,3_wind_speed_ms_lag9,4_wind_speed_ms_lag9,8_temp_c_lag9,0_wind_lag9,1_wind_lag9,2_wind_lag9,3_wind_lag9,4_wind_lag9,0_wind_speed_ms_lag276,0_temp_c_lag276,1_wind_speed_ms_lag276,1_temp_c_lag276,2_wind_speed_ms_lag276,3_wind_speed_ms_lag276,3_temp_c_lag276,4_wind_speed_ms_lag276,8_temp_c_lag276,0_wind_lag276,1_wind_lag276,2_wind_lag276,3_wind_lag276,4_wind_lag276,Wind_lag300,0_wind_speed_ms_lag300,1_wind_speed_ms_lag300,2_wind_speed_ms_lag300,3_wind_speed_ms_lag300,4_wind_speed_ms_lag300,0_wind_lag300,1_wind_lag300,2_wind_lag300,3_wind_lag300,4_wind_lag300,0_wind_speed_ms_lag1_lag300,1_wind_speed_ms_lag1_lag300,2_wind_speed_ms_lag1_lag300,3_wind_speed_ms_lag1_lag300,4_wind_speed_ms_lag1_lag300,0_wind_lag1_lag300,1_wind_lag1_lag300,2_wind_lag1_lag300,3_wind_lag1_lag300,4_wind_lag1_lag300,0_wind_speed_ms_lag2_lag300,1_wind_speed_ms_lag2_lag300,2_wind_speed_ms_lag2_lag300,3_wind_speed_ms_lag2_lag300,4_wind_speed_ms_lag2_lag300,0_wind_lag2_lag300,1_wind_lag2_lag300,2_wind_lag2_lag300,3_wind_lag2_lag300,4_wind_lag2_lag300,0_wind_speed_ms_lag3_lag300,1_wind_speed_ms_lag3_lag300,2_wind_speed_ms_lag3_lag300,3_wind_speed_ms_lag3_lag300,4_wind_speed_ms_lag3_lag300,0_wind_lag3_lag300,1_wind_lag3_lag300,2_wind_lag3_lag300,3_wind_lag3_lag300,4_wind_lag3_lag300,0_wind_speed_ms_lag4_lag300,1_wind_speed_ms_lag4_lag300,2_wind_speed_ms_lag4_lag300,3_wind_speed_ms_lag4_lag300,4_wind_speed_ms_lag4_lag300,0_wind_lag4_lag300,1_wind_lag4_lag300,2_wind_lag4_lag300,3_wind_lag4_lag300,4_wind_lag4_lag300,0_wind_speed_ms_lag5_lag300,1_wind_speed_ms_lag5_lag300,2_wind_speed_ms_lag5_lag300,3_wind_speed_ms_lag5_lag300,4_wind_speed_ms_lag5_lag300,0_wind_lag5_lag300,1_wind_lag5_lag300,2_wind_lag5_lag300,3_wind_lag5_lag300,4_wind_lag5_lag300,0_wind_speed_ms_lag9_lag300,1_wind_speed_ms_lag9_lag300,2_wind_speed_ms_lag9_lag300,3_wind_speed_ms_lag9_lag300,4_wind_speed_ms_lag9_lag300,0_wind_lag9_lag300,1_wind_lag9_lag300,2_wind_lag9_lag300,3_wind_lag9_lag300,4_wind_lag9_lag300,0_wind_speed_ms_lag276_lag300,1_wind_speed_ms_lag276_lag300,2_wind_speed_ms_lag276_lag300,3_wind_speed_ms_lag276_lag300,4_wind_speed_ms_lag276_lag300,0_wind_lag276_lag300,1_wind_lag276_lag300,2_wind_lag276_lag300,3_wind_lag276_lag300,4_wind_lag276_lag300,Wind",300,334,20000,4,0.2,511.2616229,671.5270477,0.6197515
a8735c8e22674b1792a3fa788deb4704,,,,unknown,FINISHED,cubist_tune,61,4,comb_data_rev8.RDS,"0_wind_speed_ms,0_temp_c,1_wind_speed_ms,1_temp_c,2_wind_speed_ms,3_wind_speed_ms,4_wind_speed_ms,8_temp_c,0_wind,1_wind,2_wind,3_wind,4_wind,0_wind_speed_ms_lag1,0_temp_c_lag1,1_wind_speed_ms_lag1,1_temp_c_lag1,2_wind_speed_ms_lag1,3_wind_speed_ms_lag1,4_wind_speed_ms_lag1,8_temp_c_lag1,0_wind_lag1,1_wind_lag1,2_wind_lag1,3_wind_lag1,4_wind_lag1,0_wind_speed_ms_lag2,0_temp_c_lag2,1_wind_speed_ms_lag2,1_temp_c_lag2,2_wind_speed_ms_lag2,3_wind_speed_ms_lag2,4_wind_speed_ms_lag2,8_temp_c_lag2,0_wind_lag2,1_wind_lag2,2_wind_lag2,3_wind_lag2,4_wind_lag2,0_wind_speed_ms_lag3,0_temp_c_lag3,1_wind_speed_ms_lag3,1_temp_c_lag3,2_wind_speed_ms_lag3,3_wind_speed_ms_lag3,4_wind_speed_ms_lag3,8_temp_c_lag3,0_wind_lag3,1_wind_lag3,2_wind_lag3,3_wind_lag3,4_wind_lag3,0_wind_speed_ms_lag4,0_temp_c_lag4,1_wind_speed_ms_lag4,1_temp_c_lag4,2_wind_speed_ms_lag4,3_wind_speed_ms_lag4,4_wind_speed_ms_lag4,8_temp_c_lag4,0_wind_lag4,1_wind_lag4,2_wind_lag4,3_wind_lag4,4_wind_lag4,0_wind_speed_ms_lag5,0_temp_c_lag5,1_wind_speed_ms_lag5,1_temp_c_lag5,2_wind_speed_ms_lag5,3_wind_speed_ms_lag5,4_wind_speed_ms_lag5,8_temp_c_lag5,0_wind_lag5,1_wind_lag5,2_wind_lag5,3_wind_lag5,4_wind_lag5,0_wind_speed_ms_lag9,0_temp_c_lag9,1_wind_speed_ms_lag9,1_temp_c_lag9,2_wind_speed_ms_lag9,3_wind_speed_ms_lag9,4_wind_speed_ms_lag9,8_temp_c_lag9,0_wind_lag9,1_wind_lag9,2_wind_lag9,3_wind_lag9,4_wind_lag9,0_wind_speed_ms_lag276,0_temp_c_lag276,1_wind_speed_ms_lag276,1_temp_c_lag276,2_wind_speed_ms_lag276,3_wind_speed_ms_lag276,3_temp_c_lag276,4_wind_speed_ms_lag276,8_temp_c_lag276,0_wind_lag276,1_wind_lag276,2_wind_lag276,3_wind_lag276,4_wind_lag276,Wind_lag300,0_wind_speed_ms_lag300,1_wind_speed_ms_lag300,2_wind_speed_ms_lag300,3_wind_speed_ms_lag300,4_wind_speed_ms_lag300,0_wind_lag300,1_wind_lag300,2_wind_lag300,3_wind_lag300,4_wind_lag300,0_wind_speed_ms_lag1_lag300,1_wind_speed_ms_lag1_lag300,2_wind_speed_ms_lag1_lag300,3_wind_speed_ms_lag1_lag300,4_wind_speed_ms_lag1_lag300,0_wind_lag1_lag300,1_wind_lag1_lag300,2_wind_lag1_lag300,3_wind_lag1_lag300,4_wind_lag1_lag300,0_wind_speed_ms_lag2_lag300,1_wind_speed_ms_lag2_lag300,2_wind_speed_ms_lag2_lag300,3_wind_speed_ms_lag2_lag300,4_wind_speed_ms_lag2_lag300,0_wind_lag2_lag300,1_wind_lag2_lag300,2_wind_lag2_lag300,3_wind_lag2_lag300,4_wind_lag2_lag300,0_wind_speed_ms_lag3_lag300,1_wind_speed_ms_lag3_lag300,2_wind_speed_ms_lag3_lag300,3_wind_speed_ms_lag3_lag300,4_wind_speed_ms_lag3_lag300,0_wind_lag3_lag300,1_wind_lag3_lag300,2_wind_lag3_lag300,3_wind_lag3_lag300,4_wind_lag3_lag300,0_wind_speed_ms_lag4_lag300,1_wind_speed_ms_lag4_lag300,2_wind_speed_ms_lag4_lag300,3_wind_speed_ms_lag4_lag300,4_wind_speed_ms_lag4_lag300,0_wind_lag4_lag300,1_wind_lag4_lag300,2_wind_lag4_lag300,3_wind_lag4_lag300,4_wind_lag4_lag300,0_wind_speed_ms_lag5_lag300,1_wind_speed_ms_lag5_lag300,2_wind_speed_ms_lag5_lag300,3_wind_speed_ms_lag5_lag300,4_wind_speed_ms_lag5_lag300,0_wind_lag5_lag300,1_wind_lag5_lag300,2_wind_lag5_lag300,3_wind_lag5_lag300,4_wind_lag5_lag300,0_wind_speed_ms_lag9_lag300,1_wind_speed_ms_lag9_lag300,2_wind_speed_ms_lag9_lag300,3_wind_speed_ms_lag9_lag300,4_wind_speed_ms_lag9_lag300,0_wind_lag9_lag300,1_wind_lag9_lag300,2_wind_lag9_lag300,3_wind_lag9_lag300,4_wind_lag9_lag300,0_wind_speed_ms_lag276_lag300,1_wind_speed_ms_lag276_lag300,2_wind_speed_ms_lag276_lag300,3_wind_speed_ms_lag276_lag300,4_wind_speed_ms_lag276_lag300,0_wind_lag276_lag300,1_wind_lag276_lag300,2_wind_lag276_lag300,3_wind_lag276_lag300,4_wind_lag276_lag300,Wind",300,729,20000,8,0.2,432.5226792,557.60594,0.7386405
c8b8b1e8e8a748ceb69ac2257969cf7e,,,,unknown,FINISHED,cubist_tune,25,4,comb_data_rev8.RDS,"0_wind_speed_ms,0_temp_c,1_wind_speed_ms,1_temp_c,2_wind_speed_ms,3_wind_speed_ms,4_wind_speed_ms,8_temp_c,0_wind,1_wind,2_wind,3_wind,4_wind,0_wind_speed_ms_lag1,0_temp_c_lag1,1_wind_speed_ms_lag1,1_temp_c_lag1,2_wind_speed_ms_lag1,3_wind_speed_ms_lag1,4_wind_speed_ms_lag1,8_temp_c_lag1,0_wind_lag1,1_wind_lag1,2_wind_lag1,3_wind_lag1,4_wind_lag1,0_wind_speed_ms_lag2,0_temp_c_lag2,1_wind_speed_ms_lag2,1_temp_c_lag2,2_wind_speed_ms_lag2,3_wind_speed_ms_lag2,4_wind_speed_ms_lag2,8_temp_c_lag2,0_wind_lag2,1_wind_lag2,2_wind_lag2,3_wind_lag2,4_wind_lag2,0_wind_speed_ms_lag3,0_temp_c_lag3,1_wind_speed_ms_lag3,1_temp_c_lag3,2_wind_speed_ms_lag3,3_wind_speed_ms_lag3,4_wind_speed_ms_lag3,8_temp_c_lag3,0_wind_lag3,1_wind_lag3,2_wind_lag3,3_wind_lag3,4_wind_lag3,0_wind_speed_ms_lag4,0_temp_c_lag4,1_wind_speed_ms_lag4,1_temp_c_lag4,2_wind_speed_ms_lag4,3_wind_speed_ms_lag4,4_wind_speed_ms_lag4,8_temp_c_lag4,0_wind_lag4,1_wind_lag4,2_wind_lag4,3_wind_lag4,4_wind_lag4,0_wind_speed_ms_lag5,0_temp_c_lag5,1_wind_speed_ms_lag5,1_temp_c_lag5,2_wind_speed_ms_lag5,3_wind_speed_ms_lag5,4_wind_speed_ms_lag5,8_temp_c_lag5,0_wind_lag5,1_wind_lag5,2_wind_lag5,3_wind_lag5,4_wind_lag5,0_wind_speed_ms_lag9,0_temp_c_lag9,1_wind_speed_ms_lag9,1_temp_c_lag9,2_wind_speed_ms_lag9,3_wind_speed_ms_lag9,4_wind_speed_ms_lag9,8_temp_c_lag9,0_wind_lag9,1_wind_lag9,2_wind_lag9,3_wind_lag9,4_wind_lag9,0_wind_speed_ms_lag276,0_temp_c_lag276,1_wind_speed_ms_lag276,1_temp_c_lag276,2_wind_speed_ms_lag276,3_wind_speed_ms_lag276,3_temp_c_lag276,4_wind_speed_ms_lag276,8_temp_c_lag276,0_wind_lag276,1_wind_lag276,2_wind_lag276,3_wind_lag276,4_wind_lag276,Wind_lag300,0_wind_speed_ms_lag300,1_wind_speed_ms_lag300,2_wind_speed_ms_lag300,3_wind_speed_ms_lag300,4_wind_speed_ms_lag300,0_wind_lag300,1_wind_lag300,2_wind_lag300,3_wind_lag300,4_wind_lag300,0_wind_speed_ms_lag1_lag300,1_wind_speed_ms_lag1_lag300,2_wind_speed_ms_lag1_lag300,3_wind_speed_ms_lag1_lag300,4_wind_speed_ms_lag1_lag300,0_wind_lag1_lag300,1_wind_lag1_lag300,2_wind_lag1_lag300,3_wind_lag1_lag300,4_wind_lag1_lag300,0_wind_speed_ms_lag2_lag300,1_wind_speed_ms_lag2_lag300,2_wind_speed_ms_lag2_lag300,3_wind_speed_ms_lag2_lag300,4_wind_speed_ms_lag2_lag300,0_wind_lag2_lag300,1_wind_lag2_lag300,2_wind_lag2_lag300,3_wind_lag2_lag300,4_wind_lag2_lag300,0_wind_speed_ms_lag3_lag300,1_wind_speed_ms_lag3_lag300,2_wind_speed_ms_lag3_lag300,3_wind_speed_ms_lag3_lag300,4_wind_speed_ms_lag3_lag300,0_wind_lag3_lag300,1_wind_lag3_lag300,2_wind_lag3_lag300,3_wind_lag3_lag300,4_wind_lag3_lag300,0_wind_speed_ms_lag4_lag300,1_wind_speed_ms_lag4_lag300,2_wind_speed_ms_lag4_lag300,3_wind_speed_ms_lag4_lag300,4_wind_speed_ms_lag4_lag300,0_wind_lag4_lag300,1_wind_lag4_lag300,2_wind_lag4_lag300,3_wind_lag4_lag300,4_wind_lag4_lag300,0_wind_speed_ms_lag5_lag300,1_wind_speed_ms_lag5_lag300,2_wind_speed_ms_lag5_lag300,3_wind_speed_ms_lag5_lag300,4_wind_speed_ms_lag5_lag300,0_wind_lag5_lag300,1_wind_lag5_lag300,2_wind_lag5_lag300,3_wind_lag5_lag300,4_wind_lag5_lag300,0_wind_speed_ms_lag9_lag300,1_wind_speed_ms_lag9_lag300,2_wind_speed_ms_lag9_lag300,3_wind_speed_ms_lag9_lag300,4_wind_speed_ms_lag9_lag300,0_wind_lag9_lag300,1_wind_lag9_lag300,2_wind_lag9_lag300,3_wind_lag9_lag300,4_wind_lag9_lag300,0_wind_speed_ms_lag276_lag300,1_wind_speed_ms_lag276_lag300,2_wind_speed_ms_lag276_lag300,3_wind_speed_ms_lag276_lag300,4_wind_speed_ms_lag276_lag300,0_wind_lag276_lag300,1_wind_lag276_lag300,2_wind_lag276_lag300,3_wind_lag276_lag300,4_wind_lag276_lag300,Wind",300,57,20000,3,0.2,460.057428,618.669039,0.695195
